This file contains any messages produced by compilers while
running configure, to aid debugging if configure makes a mistake.

It was created by configure, which was
generated by GNU Autoconf 2.69.  Invocation command line was

  $ /home/runner/work/buckal_workspace/buckal_workspace/test/3rd/fd/buck-out/v2/gen/root/fecc77911dff3f64/third-party/rust/crates/tikv-jemalloc-sys/0.6.0+5.3.0-1-ge13ca993e8ccb9ba9847cc330696e02839f328f7/__tikv-jemalloc-sys-build-script-run__/OUT_DIR/build/configure --with-version=5.3.0-1-ge13ca993e8ccb9ba9847cc330696e02839f328f7 --disable-cxx --enable-doc=no --enable-shared=no --with-jemalloc-prefix=_rjem_ --with-private-namespace=_rjem_ --disable-stats --host=x86_64-unknown-linux-gnu --build=x86_64-unknown-linux-gnu --prefix=/home/runner/work/buckal_workspace/buckal_workspace/test/3rd/fd/buck-out/v2/gen/root/fecc77911dff3f64/third-party/rust/crates/tikv-jemalloc-sys/0.6.0+5.3.0-1-ge13ca993e8ccb9ba9847cc330696e02839f328f7/__tikv-jemalloc-sys-build-script-run__/OUT_DIR

## --------- ##
## Platform. ##
## --------- ##

hostname = runnervm6qbrg
uname -m = x86_64
uname -r = 6.11.0-1018-azure
uname -s = Linux
uname -v = #18~24.04.1-Ubuntu SMP Sat Jun 28 04:46:03 UTC 2025

/usr/bin/uname -p = x86_64
/bin/uname -X     = unknown

/bin/arch              = x86_64
/usr/bin/arch -k       = unknown
/usr/convex/getsysinfo = unknown
/usr/bin/hostinfo      = unknown
/bin/machine           = unknown
/usr/bin/oslevel       = unknown
/bin/universe          = unknown

PATH: /usr/local/bin
PATH: /home/runner/work/_temp/uv-python-dir
PATH: /opt/hostedtoolcache/uv/0.9.17/x86_64
PATH: /home/runner/.local/bin
PATH: /snap/bin
PATH: /home/runner/.local/bin
PATH: /opt/pipx_bin
PATH: /home/runner/.cargo/bin
PATH: /home/runner/.config/composer/vendor/bin
PATH: /usr/local/.ghcup/bin
PATH: /home/runner/.dotnet/tools
PATH: /usr/local/sbin
PATH: /usr/local/bin
PATH: /usr/sbin
PATH: /usr/bin
PATH: /sbin
PATH: /bin
PATH: /usr/games
PATH: /usr/local/games
PATH: /snap/bin


## ----------- ##
## Core tests. ##
## ----------- ##

configure:2678: checking for xsltproc
configure:2709: result: false
configure:2753: checking for x86_64-unknown-linux-gnu-gcc
configure:2780: result: cc
configure:3049: checking for C compiler version
configure:3058: cc --version >&5
cc (Ubuntu 13.3.0-6ubuntu2~24.04) 13.3.0
Copyright (C) 2023 Free Software Foundation, Inc.
This is free software; see the source for copying conditions.  There is NO
warranty; not even for MERCHANTABILITY or FITNESS FOR A PARTICULAR PURPOSE.

configure:3069: $? = 0
configure:3058: cc -v >&5
Using built-in specs.
COLLECT_GCC=cc
COLLECT_LTO_WRAPPER=/usr/libexec/gcc/x86_64-linux-gnu/13/lto-wrapper
OFFLOAD_TARGET_NAMES=nvptx-none:amdgcn-amdhsa
OFFLOAD_TARGET_DEFAULT=1
Target: x86_64-linux-gnu
Configured with: ../src/configure -v --with-pkgversion='Ubuntu 13.3.0-6ubuntu2~24.04' --with-bugurl=file:///usr/share/doc/gcc-13/README.Bugs --enable-languages=c,ada,c++,go,d,fortran,objc,obj-c++,m2 --prefix=/usr --with-gcc-major-version-only --program-suffix=-13 --program-prefix=x86_64-linux-gnu- --enable-shared --enable-linker-build-id --libexecdir=/usr/libexec --without-included-gettext --enable-threads=posix --libdir=/usr/lib --enable-nls --enable-bootstrap --enable-clocale=gnu --enable-libstdcxx-debug --enable-libstdcxx-time=yes --with-default-libstdcxx-abi=new --enable-libstdcxx-backtrace --enable-gnu-unique-object --disable-vtable-verify --enable-plugin --enable-default-pie --with-system-zlib --enable-libphobos-checking=release --with-target-system-zlib=auto --enable-objc-gc=auto --enable-multiarch --disable-werror --enable-cet --with-arch-32=i686 --with-abi=m64 --with-multilib-list=m32,m64,mx32 --enable-multilib --with-tune=generic --enable-offload-targets=nvptx-none=/build/gcc-13-fG75Ri/gcc-13-13.3.0/debian/tmp-nvptx/usr,amdgcn-amdhsa=/build/gcc-13-fG75Ri/gcc-13-13.3.0/debian/tmp-gcn/usr --enable-offload-defaulted --without-cuda-driver --enable-checking=release --build=x86_64-linux-gnu --host=x86_64-linux-gnu --target=x86_64-linux-gnu --with-build-config=bootstrap-lto-lean --enable-link-serialization=2
Thread model: posix
Supported LTO compression algorithms: zlib zstd
gcc version 13.3.0 (Ubuntu 13.3.0-6ubuntu2~24.04) 
... rest of stderr output deleted ...
configure:3069: $? = 0
configure:3058: cc -V >&5
cc: error: unrecognized command-line option '-V'
cc: fatal error: no input files
compilation terminated.
configure:3069: $? = 1
configure:3058: cc -qversion >&5
cc: error: unrecognized command-line option '-qversion'; did you mean '--version'?
cc: fatal error: no input files
compilation terminated.
configure:3069: $? = 1
configure:3089: checking whether the C compiler works
configure:3111: cc -O0 -ffunction-sections -fdata-sections -fPIC -gdwarf-4 -fno-omit-frame-pointer -m64 -Wall -O0 -ffunction-sections -fdata-sections -fPIC -gdwarf-4 -fno-omit-frame-pointer -m64 -Wall -O0 -ffunction-sections -fdata-sections -fPIC -gdwarf-4 -fno-omit-frame-pointer -m64 -Wall conftest.c  >&5
configure:3115: $? = 0
configure:3163: result: yes
configure:3166: checking for C compiler default output file name
configure:3168: result: a.out
configure:3174: checking for suffix of executables
configure:3181: cc -o conftest -O0 -ffunction-sections -fdata-sections -fPIC -gdwarf-4 -fno-omit-frame-pointer -m64 -Wall -O0 -ffunction-sections -fdata-sections -fPIC -gdwarf-4 -fno-omit-frame-pointer -m64 -Wall -O0 -ffunction-sections -fdata-sections -fPIC -gdwarf-4 -fno-omit-frame-pointer -m64 -Wall conftest.c  >&5
configure:3185: $? = 0
configure:3207: result: 
configure:3229: checking whether we are cross compiling
configure:3237: cc -o conftest -O0 -ffunction-sections -fdata-sections -fPIC -gdwarf-4 -fno-omit-frame-pointer -m64 -Wall -O0 -ffunction-sections -fdata-sections -fPIC -gdwarf-4 -fno-omit-frame-pointer -m64 -Wall -O0 -ffunction-sections -fdata-sections -fPIC -gdwarf-4 -fno-omit-frame-pointer -m64 -Wall conftest.c  >&5
configure:3241: $? = 0
configure:3248: ./conftest
configure:3252: $? = 0
configure:3267: result: no
configure:3272: checking for suffix of object files
configure:3294: cc -c -O0 -ffunction-sections -fdata-sections -fPIC -gdwarf-4 -fno-omit-frame-pointer -m64 -Wall -O0 -ffunction-sections -fdata-sections -fPIC -gdwarf-4 -fno-omit-frame-pointer -m64 -Wall conftest.c >&5
configure:3298: $? = 0
configure:3319: result: o
configure:3323: checking whether we are using the GNU C compiler
configure:3342: cc -c -O0 -ffunction-sections -fdata-sections -fPIC -gdwarf-4 -fno-omit-frame-pointer -m64 -Wall -O0 -ffunction-sections -fdata-sections -fPIC -gdwarf-4 -fno-omit-frame-pointer -m64 -Wall conftest.c >&5
configure:3342: $? = 0
configure:3351: result: yes
configure:3360: checking whether cc accepts -g
configure:3380: cc -c -g -O0 -ffunction-sections -fdata-sections -fPIC -gdwarf-4 -fno-omit-frame-pointer -m64 -Wall conftest.c >&5
configure:3380: $? = 0
configure:3421: result: yes
configure:3438: checking for cc option to accept ISO C89
configure:3501: cc  -c -O0 -ffunction-sections -fdata-sections -fPIC -gdwarf-4 -fno-omit-frame-pointer -m64 -Wall -O0 -ffunction-sections -fdata-sections -fPIC -gdwarf-4 -fno-omit-frame-pointer -m64 -Wall conftest.c >&5
configure:3501: $? = 0
configure:3514: result: none needed
configure:3579: checking whether compiler is cray
configure:3599: cc -c -O0 -ffunction-sections -fdata-sections -fPIC -gdwarf-4 -fno-omit-frame-pointer -m64 -Wall -O0 -ffunction-sections -fdata-sections -fPIC -gdwarf-4 -fno-omit-frame-pointer -m64 -Wall conftest.c >&5
conftest.c: In function 'main':
conftest.c:15:11: error: expected '=', ',', ';', 'asm' or '__attribute__' before '-' token
   15 |   int fail-1;
      |           ^
conftest.c:15:11: warning: statement with no effect [-Wunused-value]
configure:3599: $? = 1
configure: failed program was:
| /* confdefs.h */
| #define PACKAGE_NAME ""
| #define PACKAGE_TARNAME ""
| #define PACKAGE_VERSION ""
| #define PACKAGE_STRING ""
| #define PACKAGE_BUGREPORT ""
| #define PACKAGE_URL ""
| /* end confdefs.h.  */
| 
| int
| main ()
| {
| 
| #ifndef _CRAYC
|   int fail-1;
| #endif
| 
|   ;
|   return 0;
| }
configure:3606: result: no
configure:3643: checking whether compiler supports -std=gnu11
configure:3674: cc -c -std=gnu11 -O0 -ffunction-sections -fdata-sections -fPIC -gdwarf-4 -fno-omit-frame-pointer -m64 -Wall -O0 -ffunction-sections -fdata-sections -fPIC -gdwarf-4 -fno-omit-frame-pointer -m64 -Wall conftest.c >&5
configure:3674: $? = 0
configure:3676: result: yes
configure:3760: checking whether compiler supports -Werror=unknown-warning-option
configure:3791: cc -c -std=gnu11 -Werror=unknown-warning-option -O0 -ffunction-sections -fdata-sections -fPIC -gdwarf-4 -fno-omit-frame-pointer -m64 -Wall -O0 -ffunction-sections -fdata-sections -fPIC -gdwarf-4 -fno-omit-frame-pointer -m64 -Wall conftest.c >&5
cc1: error: '-Werror=unknown-warning-option': no option '-Wunknown-warning-option'
configure:3791: $? = 1
configure: failed program was:
| /* confdefs.h */
| #define PACKAGE_NAME ""
| #define PACKAGE_TARNAME ""
| #define PACKAGE_VERSION ""
| #define PACKAGE_STRING ""
| #define PACKAGE_BUGREPORT ""
| #define PACKAGE_URL ""
| #define JEMALLOC_HAS_RESTRICT
| /* end confdefs.h.  */
| 
| 
| int
| main ()
| {
| 
|     return 0;
| 
|   ;
|   return 0;
| }
configure:3797: result: no
configure:3811: checking whether compiler supports -Wall
configure:3842: cc -c -std=gnu11 -Wall -O0 -ffunction-sections -fdata-sections -fPIC -gdwarf-4 -fno-omit-frame-pointer -m64 -Wall -O0 -ffunction-sections -fdata-sections -fPIC -gdwarf-4 -fno-omit-frame-pointer -m64 -Wall conftest.c >&5
configure:3842: $? = 0
configure:3844: result: yes
configure:3862: checking whether compiler supports -Wextra
configure:3893: cc -c -std=gnu11 -Wall -Wextra -O0 -ffunction-sections -fdata-sections -fPIC -gdwarf-4 -fno-omit-frame-pointer -m64 -Wall -O0 -ffunction-sections -fdata-sections -fPIC -gdwarf-4 -fno-omit-frame-pointer -m64 -Wall conftest.c >&5
configure:3893: $? = 0
configure:3895: result: yes
configure:3913: checking whether compiler supports -Wshorten-64-to-32
configure:3944: cc -c -std=gnu11 -Wall -Wextra -Wshorten-64-to-32 -O0 -ffunction-sections -fdata-sections -fPIC -gdwarf-4 -fno-omit-frame-pointer -m64 -Wall -O0 -ffunction-sections -fdata-sections -fPIC -gdwarf-4 -fno-omit-frame-pointer -m64 -Wall conftest.c >&5
cc: error: unrecognized command-line option '-Wshorten-64-to-32'
configure:3944: $? = 1
configure: failed program was:
| /* confdefs.h */
| #define PACKAGE_NAME ""
| #define PACKAGE_TARNAME ""
| #define PACKAGE_VERSION ""
| #define PACKAGE_STRING ""
| #define PACKAGE_BUGREPORT ""
| #define PACKAGE_URL ""
| #define JEMALLOC_HAS_RESTRICT
| /* end confdefs.h.  */
| 
| 
| int
| main ()
| {
| 
|     return 0;
| 
|   ;
|   return 0;
| }
configure:3950: result: no
configure:3964: checking whether compiler supports -Wsign-compare
configure:3995: cc -c -std=gnu11 -Wall -Wextra -Wsign-compare -O0 -ffunction-sections -fdata-sections -fPIC -gdwarf-4 -fno-omit-frame-pointer -m64 -Wall -O0 -ffunction-sections -fdata-sections -fPIC -gdwarf-4 -fno-omit-frame-pointer -m64 -Wall conftest.c >&5
configure:3995: $? = 0
configure:3997: result: yes
configure:4015: checking whether compiler supports -Wundef
configure:4046: cc -c -std=gnu11 -Wall -Wextra -Wsign-compare -Wundef -O0 -ffunction-sections -fdata-sections -fPIC -gdwarf-4 -fno-omit-frame-pointer -m64 -Wall -O0 -ffunction-sections -fdata-sections -fPIC -gdwarf-4 -fno-omit-frame-pointer -m64 -Wall conftest.c >&5
configure:4046: $? = 0
configure:4048: result: yes
configure:4066: checking whether compiler supports -Wno-format-zero-length
configure:4097: cc -c -std=gnu11 -Wall -Wextra -Wsign-compare -Wundef -Wno-format-zero-length -O0 -ffunction-sections -fdata-sections -fPIC -gdwarf-4 -fno-omit-frame-pointer -m64 -Wall -O0 -ffunction-sections -fdata-sections -fPIC -gdwarf-4 -fno-omit-frame-pointer -m64 -Wall conftest.c >&5
configure:4097: $? = 0
configure:4099: result: yes
configure:4117: checking whether compiler supports -Wpointer-arith
configure:4148: cc -c -std=gnu11 -Wall -Wextra -Wsign-compare -Wundef -Wno-format-zero-length -Wpointer-arith -O0 -ffunction-sections -fdata-sections -fPIC -gdwarf-4 -fno-omit-frame-pointer -m64 -Wall -O0 -ffunction-sections -fdata-sections -fPIC -gdwarf-4 -fno-omit-frame-pointer -m64 -Wall conftest.c >&5
configure:4148: $? = 0
configure:4150: result: yes
configure:4168: checking whether compiler supports -Wno-missing-braces
configure:4199: cc -c -std=gnu11 -Wall -Wextra -Wsign-compare -Wundef -Wno-format-zero-length -Wpointer-arith -Wno-missing-braces -O0 -ffunction-sections -fdata-sections -fPIC -gdwarf-4 -fno-omit-frame-pointer -m64 -Wall -O0 -ffunction-sections -fdata-sections -fPIC -gdwarf-4 -fno-omit-frame-pointer -m64 -Wall conftest.c >&5
configure:4199: $? = 0
configure:4201: result: yes
configure:4219: checking whether compiler supports -Wno-missing-field-initializers
configure:4250: cc -c -std=gnu11 -Wall -Wextra -Wsign-compare -Wundef -Wno-format-zero-length -Wpointer-arith -Wno-missing-braces -Wno-missing-field-initializers -O0 -ffunction-sections -fdata-sections -fPIC -gdwarf-4 -fno-omit-frame-pointer -m64 -Wall -O0 -ffunction-sections -fdata-sections -fPIC -gdwarf-4 -fno-omit-frame-pointer -m64 -Wall conftest.c >&5
configure:4250: $? = 0
configure:4252: result: yes
configure:4270: checking whether compiler supports -Wno-missing-attributes
configure:4301: cc -c -std=gnu11 -Wall -Wextra -Wsign-compare -Wundef -Wno-format-zero-length -Wpointer-arith -Wno-missing-braces -Wno-missing-field-initializers -Wno-missing-attributes -O0 -ffunction-sections -fdata-sections -fPIC -gdwarf-4 -fno-omit-frame-pointer -m64 -Wall -O0 -ffunction-sections -fdata-sections -fPIC -gdwarf-4 -fno-omit-frame-pointer -m64 -Wall conftest.c >&5
configure:4301: $? = 0
configure:4303: result: yes
configure:4321: checking whether compiler supports -pipe
configure:4352: cc -c -std=gnu11 -Wall -Wextra -Wsign-compare -Wundef -Wno-format-zero-length -Wpointer-arith -Wno-missing-braces -Wno-missing-field-initializers -Wno-missing-attributes -pipe -O0 -ffunction-sections -fdata-sections -fPIC -gdwarf-4 -fno-omit-frame-pointer -m64 -Wall -O0 -ffunction-sections -fdata-sections -fPIC -gdwarf-4 -fno-omit-frame-pointer -m64 -Wall conftest.c >&5
configure:4352: $? = 0
configure:4354: result: yes
configure:4372: checking whether compiler supports -g3
configure:4403: cc -c -std=gnu11 -Wall -Wextra -Wsign-compare -Wundef -Wno-format-zero-length -Wpointer-arith -Wno-missing-braces -Wno-missing-field-initializers -Wno-missing-attributes -pipe -g3 -O0 -ffunction-sections -fdata-sections -fPIC -gdwarf-4 -fno-omit-frame-pointer -m64 -Wall -O0 -ffunction-sections -fdata-sections -fPIC -gdwarf-4 -fno-omit-frame-pointer -m64 -Wall conftest.c >&5
configure:4403: $? = 0
configure:4405: result: yes
configure:4853: checking how to run the C preprocessor
configure:4884: cc -E -O0 -ffunction-sections -fdata-sections -fPIC -gdwarf-4 -fno-omit-frame-pointer -m64 -Wall conftest.c
configure:4884: $? = 0
configure:4898: cc -E -O0 -ffunction-sections -fdata-sections -fPIC -gdwarf-4 -fno-omit-frame-pointer -m64 -Wall conftest.c
conftest.c:10:10: fatal error: ac_nonexistent.h: No such file or directory
   10 | #include <ac_nonexistent.h>
      |          ^~~~~~~~~~~~~~~~~~
compilation terminated.
configure:4898: $? = 1
configure: failed program was:
| /* confdefs.h */
| #define PACKAGE_NAME ""
| #define PACKAGE_TARNAME ""
| #define PACKAGE_VERSION ""
| #define PACKAGE_STRING ""
| #define PACKAGE_BUGREPORT ""
| #define PACKAGE_URL ""
| #define JEMALLOC_HAS_RESTRICT
| /* end confdefs.h.  */
| #include <ac_nonexistent.h>
configure:4923: result: cc -E
configure:4943: cc -E -O0 -ffunction-sections -fdata-sections -fPIC -gdwarf-4 -fno-omit-frame-pointer -m64 -Wall conftest.c
configure:4943: $? = 0
configure:4957: cc -E -O0 -ffunction-sections -fdata-sections -fPIC -gdwarf-4 -fno-omit-frame-pointer -m64 -Wall conftest.c
conftest.c:10:10: fatal error: ac_nonexistent.h: No such file or directory
   10 | #include <ac_nonexistent.h>
      |          ^~~~~~~~~~~~~~~~~~
compilation terminated.
configure:4957: $? = 1
configure: failed program was:
| /* confdefs.h */
| #define PACKAGE_NAME ""
| #define PACKAGE_TARNAME ""
| #define PACKAGE_VERSION ""
| #define PACKAGE_STRING ""
| #define PACKAGE_BUGREPORT ""
| #define PACKAGE_URL ""
| #define JEMALLOC_HAS_RESTRICT
| /* end confdefs.h.  */
| #include <ac_nonexistent.h>
configure:6919: checking for grep that handles long lines and -e
configure:6977: result: /usr/bin/grep
configure:6982: checking for egrep
configure:7044: result: /usr/bin/grep -E
configure:7049: checking for ANSI C header files
configure:7069: cc -c -std=gnu11 -Wall -Wextra -Wsign-compare -Wundef -Wno-format-zero-length -Wpointer-arith -Wno-missing-braces -Wno-missing-field-initializers -Wno-missing-attributes -pipe -g3 -O0 -ffunction-sections -fdata-sections -fPIC -gdwarf-4 -fno-omit-frame-pointer -m64 -Wall -O0 -ffunction-sections -fdata-sections -fPIC -gdwarf-4 -fno-omit-frame-pointer -m64 -Wall conftest.c >&5
configure:7069: $? = 0
configure:7142: cc -o conftest -std=gnu11 -Wall -Wextra -Wsign-compare -Wundef -Wno-format-zero-length -Wpointer-arith -Wno-missing-braces -Wno-missing-field-initializers -Wno-missing-attributes -pipe -g3 -O0 -ffunction-sections -fdata-sections -fPIC -gdwarf-4 -fno-omit-frame-pointer -m64 -Wall -O0 -ffunction-sections -fdata-sections -fPIC -gdwarf-4 -fno-omit-frame-pointer -m64 -Wall -O0 -ffunction-sections -fdata-sections -fPIC -gdwarf-4 -fno-omit-frame-pointer -m64 -Wall conftest.c  >&5
configure:7142: $? = 0
configure:7142: ./conftest
configure:7142: $? = 0
configure:7153: result: yes
configure:7166: checking for sys/types.h
configure:7166: cc -c -std=gnu11 -Wall -Wextra -Wsign-compare -Wundef -Wno-format-zero-length -Wpointer-arith -Wno-missing-braces -Wno-missing-field-initializers -Wno-missing-attributes -pipe -g3 -O0 -ffunction-sections -fdata-sections -fPIC -gdwarf-4 -fno-omit-frame-pointer -m64 -Wall -O0 -ffunction-sections -fdata-sections -fPIC -gdwarf-4 -fno-omit-frame-pointer -m64 -Wall conftest.c >&5
configure:7166: $? = 0
configure:7166: result: yes
configure:7166: checking for sys/stat.h
configure:7166: cc -c -std=gnu11 -Wall -Wextra -Wsign-compare -Wundef -Wno-format-zero-length -Wpointer-arith -Wno-missing-braces -Wno-missing-field-initializers -Wno-missing-attributes -pipe -g3 -O0 -ffunction-sections -fdata-sections -fPIC -gdwarf-4 -fno-omit-frame-pointer -m64 -Wall -O0 -ffunction-sections -fdata-sections -fPIC -gdwarf-4 -fno-omit-frame-pointer -m64 -Wall conftest.c >&5
configure:7166: $? = 0
configure:7166: result: yes
configure:7166: checking for stdlib.h
configure:7166: cc -c -std=gnu11 -Wall -Wextra -Wsign-compare -Wundef -Wno-format-zero-length -Wpointer-arith -Wno-missing-braces -Wno-missing-field-initializers -Wno-missing-attributes -pipe -g3 -O0 -ffunction-sections -fdata-sections -fPIC -gdwarf-4 -fno-omit-frame-pointer -m64 -Wall -O0 -ffunction-sections -fdata-sections -fPIC -gdwarf-4 -fno-omit-frame-pointer -m64 -Wall conftest.c >&5
configure:7166: $? = 0
configure:7166: result: yes
configure:7166: checking for string.h
configure:7166: cc -c -std=gnu11 -Wall -Wextra -Wsign-compare -Wundef -Wno-format-zero-length -Wpointer-arith -Wno-missing-braces -Wno-missing-field-initializers -Wno-missing-attributes -pipe -g3 -O0 -ffunction-sections -fdata-sections -fPIC -gdwarf-4 -fno-omit-frame-pointer -m64 -Wall -O0 -ffunction-sections -fdata-sections -fPIC -gdwarf-4 -fno-omit-frame-pointer -m64 -Wall conftest.c >&5
configure:7166: $? = 0
configure:7166: result: yes
configure:7166: checking for memory.h
configure:7166: cc -c -std=gnu11 -Wall -Wextra -Wsign-compare -Wundef -Wno-format-zero-length -Wpointer-arith -Wno-missing-braces -Wno-missing-field-initializers -Wno-missing-attributes -pipe -g3 -O0 -ffunction-sections -fdata-sections -fPIC -gdwarf-4 -fno-omit-frame-pointer -m64 -Wall -O0 -ffunction-sections -fdata-sections -fPIC -gdwarf-4 -fno-omit-frame-pointer -m64 -Wall conftest.c >&5
configure:7166: $? = 0
configure:7166: result: yes
configure:7166: checking for strings.h
configure:7166: cc -c -std=gnu11 -Wall -Wextra -Wsign-compare -Wundef -Wno-format-zero-length -Wpointer-arith -Wno-missing-braces -Wno-missing-field-initializers -Wno-missing-attributes -pipe -g3 -O0 -ffunction-sections -fdata-sections -fPIC -gdwarf-4 -fno-omit-frame-pointer -m64 -Wall -O0 -ffunction-sections -fdata-sections -fPIC -gdwarf-4 -fno-omit-frame-pointer -m64 -Wall conftest.c >&5
configure:7166: $? = 0
configure:7166: result: yes
configure:7166: checking for inttypes.h
configure:7166: cc -c -std=gnu11 -Wall -Wextra -Wsign-compare -Wundef -Wno-format-zero-length -Wpointer-arith -Wno-missing-braces -Wno-missing-field-initializers -Wno-missing-attributes -pipe -g3 -O0 -ffunction-sections -fdata-sections -fPIC -gdwarf-4 -fno-omit-frame-pointer -m64 -Wall -O0 -ffunction-sections -fdata-sections -fPIC -gdwarf-4 -fno-omit-frame-pointer -m64 -Wall conftest.c >&5
configure:7166: $? = 0
configure:7166: result: yes
configure:7166: checking for stdint.h
configure:7166: cc -c -std=gnu11 -Wall -Wextra -Wsign-compare -Wundef -Wno-format-zero-length -Wpointer-arith -Wno-missing-braces -Wno-missing-field-initializers -Wno-missing-attributes -pipe -g3 -O0 -ffunction-sections -fdata-sections -fPIC -gdwarf-4 -fno-omit-frame-pointer -m64 -Wall -O0 -ffunction-sections -fdata-sections -fPIC -gdwarf-4 -fno-omit-frame-pointer -m64 -Wall conftest.c >&5
configure:7166: $? = 0
configure:7166: result: yes
configure:7166: checking for unistd.h
configure:7166: cc -c -std=gnu11 -Wall -Wextra -Wsign-compare -Wundef -Wno-format-zero-length -Wpointer-arith -Wno-missing-braces -Wno-missing-field-initializers -Wno-missing-attributes -pipe -g3 -O0 -ffunction-sections -fdata-sections -fPIC -gdwarf-4 -fno-omit-frame-pointer -m64 -Wall -O0 -ffunction-sections -fdata-sections -fPIC -gdwarf-4 -fno-omit-frame-pointer -m64 -Wall conftest.c >&5
configure:7166: $? = 0
configure:7166: result: yes
configure:7178: checking whether byte ordering is bigendian
configure:7193: cc -c -std=gnu11 -Wall -Wextra -Wsign-compare -Wundef -Wno-format-zero-length -Wpointer-arith -Wno-missing-braces -Wno-missing-field-initializers -Wno-missing-attributes -pipe -g3 -O0 -ffunction-sections -fdata-sections -fPIC -gdwarf-4 -fno-omit-frame-pointer -m64 -Wall -O0 -ffunction-sections -fdata-sections -fPIC -gdwarf-4 -fno-omit-frame-pointer -m64 -Wall conftest.c >&5
conftest.c:21:16: error: unknown type name 'not'
   21 |                not a universal capable compiler
      |                ^~~
conftest.c:21:22: error: expected '=', ',', ';', 'asm' or '__attribute__' before 'universal'
   21 |                not a universal capable compiler
      |                      ^~~~~~~~~
conftest.c:21:22: error: unknown type name 'universal'
configure:7193: $? = 1
configure: failed program was:
| /* confdefs.h */
| #define PACKAGE_NAME ""
| #define PACKAGE_TARNAME ""
| #define PACKAGE_VERSION ""
| #define PACKAGE_STRING ""
| #define PACKAGE_BUGREPORT ""
| #define PACKAGE_URL ""
| #define JEMALLOC_HAS_RESTRICT
| #define STDC_HEADERS 1
| #define HAVE_SYS_TYPES_H 1
| #define HAVE_SYS_STAT_H 1
| #define HAVE_STDLIB_H 1
| #define HAVE_STRING_H 1
| #define HAVE_MEMORY_H 1
| #define HAVE_STRINGS_H 1
| #define HAVE_INTTYPES_H 1
| #define HAVE_STDINT_H 1
| #define HAVE_UNISTD_H 1
| /* end confdefs.h.  */
| #ifndef __APPLE_CC__
| 	       not a universal capable compiler
| 	     #endif
| 	     typedef int dummy;
| 
configure:7238: cc -c -std=gnu11 -Wall -Wextra -Wsign-compare -Wundef -Wno-format-zero-length -Wpointer-arith -Wno-missing-braces -Wno-missing-field-initializers -Wno-missing-attributes -pipe -g3 -O0 -ffunction-sections -fdata-sections -fPIC -gdwarf-4 -fno-omit-frame-pointer -m64 -Wall -O0 -ffunction-sections -fdata-sections -fPIC -gdwarf-4 -fno-omit-frame-pointer -m64 -Wall conftest.c >&5
configure:7238: $? = 0
configure:7256: cc -c -std=gnu11 -Wall -Wextra -Wsign-compare -Wundef -Wno-format-zero-length -Wpointer-arith -Wno-missing-braces -Wno-missing-field-initializers -Wno-missing-attributes -pipe -g3 -O0 -ffunction-sections -fdata-sections -fPIC -gdwarf-4 -fno-omit-frame-pointer -m64 -Wall -O0 -ffunction-sections -fdata-sections -fPIC -gdwarf-4 -fno-omit-frame-pointer -m64 -Wall conftest.c >&5
conftest.c: In function 'main':
conftest.c:27:18: error: unknown type name 'not'; did you mean 'ino_t'?
   27 |                  not big endian
      |                  ^~~
      |                  ino_t
conftest.c:27:26: error: expected '=', ',', ';', 'asm' or '__attribute__' before 'endian'
   27 |                  not big endian
      |                          ^~~~~~
configure:7256: $? = 1
configure: failed program was:
| /* confdefs.h */
| #define PACKAGE_NAME ""
| #define PACKAGE_TARNAME ""
| #define PACKAGE_VERSION ""
| #define PACKAGE_STRING ""
| #define PACKAGE_BUGREPORT ""
| #define PACKAGE_URL ""
| #define JEMALLOC_HAS_RESTRICT
| #define STDC_HEADERS 1
| #define HAVE_SYS_TYPES_H 1
| #define HAVE_SYS_STAT_H 1
| #define HAVE_STDLIB_H 1
| #define HAVE_STRING_H 1
| #define HAVE_MEMORY_H 1
| #define HAVE_STRINGS_H 1
| #define HAVE_INTTYPES_H 1
| #define HAVE_STDINT_H 1
| #define HAVE_UNISTD_H 1
| /* end confdefs.h.  */
| #include <sys/types.h>
| 		#include <sys/param.h>
| 
| int
| main ()
| {
| #if BYTE_ORDER != BIG_ENDIAN
| 		 not big endian
| 		#endif
| 
|   ;
|   return 0;
| }
configure:7384: result: no
configure:7429: checking size of void *
configure:7434: cc -o conftest -std=gnu11 -Wall -Wextra -Wsign-compare -Wundef -Wno-format-zero-length -Wpointer-arith -Wno-missing-braces -Wno-missing-field-initializers -Wno-missing-attributes -pipe -g3 -O0 -ffunction-sections -fdata-sections -fPIC -gdwarf-4 -fno-omit-frame-pointer -m64 -Wall -O0 -ffunction-sections -fdata-sections -fPIC -gdwarf-4 -fno-omit-frame-pointer -m64 -Wall -O0 -ffunction-sections -fdata-sections -fPIC -gdwarf-4 -fno-omit-frame-pointer -m64 -Wall conftest.c  >&5
configure:7434: $? = 0
configure:7434: ./conftest
configure:7434: $? = 0
configure:7448: result: 8
configure:7476: checking size of int
configure:7481: cc -o conftest -std=gnu11 -Wall -Wextra -Wsign-compare -Wundef -Wno-format-zero-length -Wpointer-arith -Wno-missing-braces -Wno-missing-field-initializers -Wno-missing-attributes -pipe -g3 -O0 -ffunction-sections -fdata-sections -fPIC -gdwarf-4 -fno-omit-frame-pointer -m64 -Wall -O0 -ffunction-sections -fdata-sections -fPIC -gdwarf-4 -fno-omit-frame-pointer -m64 -Wall -O0 -ffunction-sections -fdata-sections -fPIC -gdwarf-4 -fno-omit-frame-pointer -m64 -Wall conftest.c  >&5
configure:7481: $? = 0
configure:7481: ./conftest
configure:7481: $? = 0
configure:7495: result: 4
configure:7522: checking size of long
configure:7527: cc -o conftest -std=gnu11 -Wall -Wextra -Wsign-compare -Wundef -Wno-format-zero-length -Wpointer-arith -Wno-missing-braces -Wno-missing-field-initializers -Wno-missing-attributes -pipe -g3 -O0 -ffunction-sections -fdata-sections -fPIC -gdwarf-4 -fno-omit-frame-pointer -m64 -Wall -O0 -ffunction-sections -fdata-sections -fPIC -gdwarf-4 -fno-omit-frame-pointer -m64 -Wall -O0 -ffunction-sections -fdata-sections -fPIC -gdwarf-4 -fno-omit-frame-pointer -m64 -Wall conftest.c  >&5
configure:7527: $? = 0
configure:7527: ./conftest
configure:7527: $? = 0
configure:7541: result: 8
configure:7568: checking size of long long
configure:7573: cc -o conftest -std=gnu11 -Wall -Wextra -Wsign-compare -Wundef -Wno-format-zero-length -Wpointer-arith -Wno-missing-braces -Wno-missing-field-initializers -Wno-missing-attributes -pipe -g3 -O0 -ffunction-sections -fdata-sections -fPIC -gdwarf-4 -fno-omit-frame-pointer -m64 -Wall -O0 -ffunction-sections -fdata-sections -fPIC -gdwarf-4 -fno-omit-frame-pointer -m64 -Wall -O0 -ffunction-sections -fdata-sections -fPIC -gdwarf-4 -fno-omit-frame-pointer -m64 -Wall conftest.c  >&5
configure:7573: $? = 0
configure:7573: ./conftest
configure:7573: $? = 0
configure:7587: result: 8
configure:7614: checking size of intmax_t
configure:7619: cc -o conftest -std=gnu11 -Wall -Wextra -Wsign-compare -Wundef -Wno-format-zero-length -Wpointer-arith -Wno-missing-braces -Wno-missing-field-initializers -Wno-missing-attributes -pipe -g3 -O0 -ffunction-sections -fdata-sections -fPIC -gdwarf-4 -fno-omit-frame-pointer -m64 -Wall -O0 -ffunction-sections -fdata-sections -fPIC -gdwarf-4 -fno-omit-frame-pointer -m64 -Wall -O0 -ffunction-sections -fdata-sections -fPIC -gdwarf-4 -fno-omit-frame-pointer -m64 -Wall conftest.c  >&5
configure:7619: $? = 0
configure:7619: ./conftest
configure:7619: $? = 0
configure:7633: result: 8
configure:7662: checking build system type
configure:7676: result: x86_64-unknown-linux-gnu
configure:7696: checking host system type
configure:7709: result: x86_64-unknown-linux-gnu
configure:7775: checking whether pause instruction is compilable
configure:7791: cc -o conftest -std=gnu11 -Wall -Wextra -Wsign-compare -Wundef -Wno-format-zero-length -Wpointer-arith -Wno-missing-braces -Wno-missing-field-initializers -Wno-missing-attributes -pipe -g3 -O0 -ffunction-sections -fdata-sections -fPIC -gdwarf-4 -fno-omit-frame-pointer -m64 -Wall -O0 -ffunction-sections -fdata-sections -fPIC -gdwarf-4 -fno-omit-frame-pointer -m64 -Wall -O0 -ffunction-sections -fdata-sections -fPIC -gdwarf-4 -fno-omit-frame-pointer -m64 -Wall conftest.c  >&5
configure:7791: $? = 0
configure:7799: result: yes
configure:7890: checking number of significant virtual address bits
configure:7941: cc -o conftest -std=gnu11 -Wall -Wextra -Wsign-compare -Wundef -Wno-format-zero-length -Wpointer-arith -Wno-missing-braces -Wno-missing-field-initializers -Wno-missing-attributes -pipe -g3 -O0 -ffunction-sections -fdata-sections -fPIC -gdwarf-4 -fno-omit-frame-pointer -m64 -Wall -O0 -ffunction-sections -fdata-sections -fPIC -gdwarf-4 -fno-omit-frame-pointer -m64 -Wall -O0 -ffunction-sections -fdata-sections -fPIC -gdwarf-4 -fno-omit-frame-pointer -m64 -Wall conftest.c  >&5
configure:7941: $? = 0
configure:7941: ./conftest
configure:7941: $? = 0
configure:7951: result: 48
configure:8025: checking for x86_64-unknown-linux-gnu-ar
configure:8055: result: no
configure:8065: checking for ar
configure:8081: found /usr/bin/ar
configure:8092: result: ar
configure:8121: checking for x86_64-unknown-linux-gnu-nm
configure:8151: result: no
configure:8161: checking for nm
configure:8177: found /usr/bin/nm
configure:8188: result: nm
configure:8215: checking for gawk
configure:8231: found /usr/bin/gawk
configure:8242: result: gawk
configure:8550: checking malloc.h usability
configure:8550: cc -c -std=gnu11 -Wall -Wextra -Wsign-compare -Wundef -Wno-format-zero-length -Wpointer-arith -Wno-missing-braces -Wno-missing-field-initializers -Wno-missing-attributes -pipe -g3 -O0 -ffunction-sections -fdata-sections -fPIC -gdwarf-4 -fno-omit-frame-pointer -m64 -Wall -O0 -ffunction-sections -fdata-sections -fPIC -gdwarf-4 -fno-omit-frame-pointer -m64 -Wall -D_GNU_SOURCE conftest.c >&5
configure:8550: $? = 0
configure:8550: result: yes
configure:8550: checking malloc.h presence
configure:8550: cc -E -O0 -ffunction-sections -fdata-sections -fPIC -gdwarf-4 -fno-omit-frame-pointer -m64 -Wall -D_GNU_SOURCE conftest.c
configure:8550: $? = 0
configure:8550: result: yes
configure:8550: checking for malloc.h
configure:8550: result: yes
configure:8556: checking whether malloc_usable_size definition can use const argument
configure:8572: cc -c -std=gnu11 -Wall -Wextra -Wsign-compare -Wundef -Wno-format-zero-length -Wpointer-arith -Wno-missing-braces -Wno-missing-field-initializers -Wno-missing-attributes -pipe -g3 -O0 -ffunction-sections -fdata-sections -fPIC -gdwarf-4 -fno-omit-frame-pointer -m64 -Wall -O0 -ffunction-sections -fdata-sections -fPIC -gdwarf-4 -fno-omit-frame-pointer -m64 -Wall -D_GNU_SOURCE conftest.c >&5
conftest.c:42:12: error: conflicting types for 'malloc_usable_size'; have 'size_t(const void *)' {aka 'long unsigned int(const void *)'}
   42 |     size_t malloc_usable_size(const void *ptr);
      |            ^~~~~~~~~~~~~~~~~~
In file included from conftest.c:40:
/usr/include/malloc.h:152:15: note: previous declaration of 'malloc_usable_size' with type 'size_t(void *)' {aka 'long unsigned int(void *)'}
  152 | extern size_t malloc_usable_size (void *__ptr) __THROW;
      |               ^~~~~~~~~~~~~~~~~~
configure:8572: $? = 1
configure: failed program was:
| /* confdefs.h */
| #define PACKAGE_NAME ""
| #define PACKAGE_TARNAME ""
| #define PACKAGE_VERSION ""
| #define PACKAGE_STRING ""
| #define PACKAGE_BUGREPORT ""
| #define PACKAGE_URL ""
| #define JEMALLOC_HAS_RESTRICT
| #define STDC_HEADERS 1
| #define HAVE_SYS_TYPES_H 1
| #define HAVE_SYS_STAT_H 1
| #define HAVE_STDLIB_H 1
| #define HAVE_STRING_H 1
| #define HAVE_MEMORY_H 1
| #define HAVE_STRINGS_H 1
| #define HAVE_INTTYPES_H 1
| #define HAVE_STDINT_H 1
| #define HAVE_UNISTD_H 1
| #define SIZEOF_VOID_P 8
| #define LG_SIZEOF_PTR 3
| #define SIZEOF_INT 4
| #define LG_SIZEOF_INT 2
| #define SIZEOF_LONG 8
| #define LG_SIZEOF_LONG 3
| #define SIZEOF_LONG_LONG 8
| #define LG_SIZEOF_LONG_LONG 3
| #define SIZEOF_INTMAX_T 8
| #define LG_SIZEOF_INTMAX_T 3
| #define HAVE_CPU_SPINWAIT 1
| #define CPU_SPINWAIT __asm__ volatile("pause")
| #define LG_VADDR 48
| #define LG_VADDR 48
| #define JEMALLOC_PURGE_MADVISE_DONTNEED_ZEROS  
| #define JEMALLOC_HAS_ALLOCA_H  
| #define JEMALLOC_PROC_SYS_VM_OVERCOMMIT_MEMORY  
| #define JEMALLOC_THREADED_INIT  
| #define JEMALLOC_USE_CXX_THROW  
| #define HAVE_MALLOC_H 1
| /* end confdefs.h.  */
| #include <malloc.h>
|      #include <stddef.h>
|     size_t malloc_usable_size(const void *ptr);
| 
| int
| main ()
| {
| 
|   ;
|   return 0;
| }
configure:8580: result: no
configure:8618: checking for library containing log
configure:8649: cc -o conftest -std=gnu11 -Wall -Wextra -Wsign-compare -Wundef -Wno-format-zero-length -Wpointer-arith -Wno-missing-braces -Wno-missing-field-initializers -Wno-missing-attributes -pipe -g3 -O0 -ffunction-sections -fdata-sections -fPIC -gdwarf-4 -fno-omit-frame-pointer -m64 -Wall -O0 -ffunction-sections -fdata-sections -fPIC -gdwarf-4 -fno-omit-frame-pointer -m64 -Wall -D_GNU_SOURCE -O0 -ffunction-sections -fdata-sections -fPIC -gdwarf-4 -fno-omit-frame-pointer -m64 -Wall conftest.c  >&5
conftest.c:48:6: warning: conflicting types for built-in function 'log'; expected 'double(double)' [-Wbuiltin-declaration-mismatch]
   48 | char log ();
      |      ^~~
conftest.c:1:1: note: 'log' is declared in header '<math.h>'
    1 | /* confdefs.h */
/usr/bin/ld: /home/runner/work/buckal_workspace/buckal_workspace/test/3rd/fd/buck-out/v2/tmp/root/e51fa9e9ecb67d13/buildscript/cc8y9vki.o: in function `main':
/home/runner/work/buckal_workspace/buckal_workspace/test/3rd/fd/buck-out/v2/gen/root/fecc77911dff3f64/third-party/rust/crates/tikv-jemalloc-sys/0.6.0+5.3.0-1-ge13ca993e8ccb9ba9847cc330696e02839f328f7/__tikv-jemalloc-sys-build-script-run__/OUT_DIR/build/conftest.c:52:(.text.main+0xe): undefined reference to `log'
collect2: error: ld returned 1 exit status
configure:8649: $? = 1
configure: failed program was:
| /* confdefs.h */
| #define PACKAGE_NAME ""
| #define PACKAGE_TARNAME ""
| #define PACKAGE_VERSION ""
| #define PACKAGE_STRING ""
| #define PACKAGE_BUGREPORT ""
| #define PACKAGE_URL ""
| #define JEMALLOC_HAS_RESTRICT
| #define STDC_HEADERS 1
| #define HAVE_SYS_TYPES_H 1
| #define HAVE_SYS_STAT_H 1
| #define HAVE_STDLIB_H 1
| #define HAVE_STRING_H 1
| #define HAVE_MEMORY_H 1
| #define HAVE_STRINGS_H 1
| #define HAVE_INTTYPES_H 1
| #define HAVE_STDINT_H 1
| #define HAVE_UNISTD_H 1
| #define SIZEOF_VOID_P 8
| #define LG_SIZEOF_PTR 3
| #define SIZEOF_INT 4
| #define LG_SIZEOF_INT 2
| #define SIZEOF_LONG 8
| #define LG_SIZEOF_LONG 3
| #define SIZEOF_LONG_LONG 8
| #define LG_SIZEOF_LONG_LONG 3
| #define SIZEOF_INTMAX_T 8
| #define LG_SIZEOF_INTMAX_T 3
| #define HAVE_CPU_SPINWAIT 1
| #define CPU_SPINWAIT __asm__ volatile("pause")
| #define LG_VADDR 48
| #define LG_VADDR 48
| #define JEMALLOC_PURGE_MADVISE_DONTNEED_ZEROS  
| #define JEMALLOC_HAS_ALLOCA_H  
| #define JEMALLOC_PROC_SYS_VM_OVERCOMMIT_MEMORY  
| #define JEMALLOC_THREADED_INIT  
| #define JEMALLOC_USE_CXX_THROW  
| #define HAVE_MALLOC_H 1
| #define JEMALLOC_USABLE_SIZE_CONST 
| /* end confdefs.h.  */
| 
| /* Override any GCC internal prototype to avoid an error.
|    Use char because int might match the return type of a GCC
|    builtin and then its argument prototype would still apply.  */
| #ifdef __cplusplus
| extern "C"
| #endif
| char log ();
| int
| main ()
| {
| return log ();
|   ;
|   return 0;
| }
configure:8649: cc -o conftest -std=gnu11 -Wall -Wextra -Wsign-compare -Wundef -Wno-format-zero-length -Wpointer-arith -Wno-missing-braces -Wno-missing-field-initializers -Wno-missing-attributes -pipe -g3 -O0 -ffunction-sections -fdata-sections -fPIC -gdwarf-4 -fno-omit-frame-pointer -m64 -Wall -O0 -ffunction-sections -fdata-sections -fPIC -gdwarf-4 -fno-omit-frame-pointer -m64 -Wall -D_GNU_SOURCE -O0 -ffunction-sections -fdata-sections -fPIC -gdwarf-4 -fno-omit-frame-pointer -m64 -Wall conftest.c -lm   >&5
conftest.c:48:6: warning: conflicting types for built-in function 'log'; expected 'double(double)' [-Wbuiltin-declaration-mismatch]
   48 | char log ();
      |      ^~~
conftest.c:1:1: note: 'log' is declared in header '<math.h>'
    1 | /* confdefs.h */
configure:8649: $? = 0
configure:8666: result: -lm
configure:8684: checking whether __attribute__ syntax is compilable
configure:8700: cc -o conftest -std=gnu11 -Wall -Wextra -Wsign-compare -Wundef -Wno-format-zero-length -Wpointer-arith -Wno-missing-braces -Wno-missing-field-initializers -Wno-missing-attributes -pipe -g3 -O0 -ffunction-sections -fdata-sections -fPIC -gdwarf-4 -fno-omit-frame-pointer -m64 -Wall -O0 -ffunction-sections -fdata-sections -fPIC -gdwarf-4 -fno-omit-frame-pointer -m64 -Wall -D_GNU_SOURCE -O0 -ffunction-sections -fdata-sections -fPIC -gdwarf-4 -fno-omit-frame-pointer -m64 -Wall conftest.c -lm  >&5
configure:8700: $? = 0
configure:8708: result: yes
configure:8717: checking whether compiler supports -fvisibility=hidden
configure:8748: cc -c -std=gnu11 -Wall -Wextra -Wsign-compare -Wundef -Wno-format-zero-length -Wpointer-arith -Wno-missing-braces -Wno-missing-field-initializers -Wno-missing-attributes -pipe -g3 -fvisibility=hidden -O0 -ffunction-sections -fdata-sections -fPIC -gdwarf-4 -fno-omit-frame-pointer -m64 -Wall -O0 -ffunction-sections -fdata-sections -fPIC -gdwarf-4 -fno-omit-frame-pointer -m64 -Wall -D_GNU_SOURCE conftest.c >&5
configure:8748: $? = 0
configure:8750: result: yes
configure:8768: checking whether compiler supports -fvisibility=hidden
configure:8805:  -c -fvisibility=hidden -O0 -ffunction-sections -fdata-sections -fPIC -gdwarf-4 -fno-omit-frame-pointer -m64 -Wall -D_GNU_SOURCE conftest.cpp >&5
/home/runner/work/buckal_workspace/buckal_workspace/test/3rd/fd/buck-out/v2/gen/root/fecc77911dff3f64/third-party/rust/crates/tikv-jemalloc-sys/0.6.0+5.3.0-1-ge13ca993e8ccb9ba9847cc330696e02839f328f7/__tikv-jemalloc-sys-build-script-run__/OUT_DIR/build/configure: line 1694: -c: command not found
configure:8805: $? = 127
configure: failed program was:
| /* confdefs.h */
| #define PACKAGE_NAME ""
| #define PACKAGE_TARNAME ""
| #define PACKAGE_VERSION ""
| #define PACKAGE_STRING ""
| #define PACKAGE_BUGREPORT ""
| #define PACKAGE_URL ""
| #define JEMALLOC_HAS_RESTRICT
| #define STDC_HEADERS 1
| #define HAVE_SYS_TYPES_H 1
| #define HAVE_SYS_STAT_H 1
| #define HAVE_STDLIB_H 1
| #define HAVE_STRING_H 1
| #define HAVE_MEMORY_H 1
| #define HAVE_STRINGS_H 1
| #define HAVE_INTTYPES_H 1
| #define HAVE_STDINT_H 1
| #define HAVE_UNISTD_H 1
| #define SIZEOF_VOID_P 8
| #define LG_SIZEOF_PTR 3
| #define SIZEOF_INT 4
| #define LG_SIZEOF_INT 2
| #define SIZEOF_LONG 8
| #define LG_SIZEOF_LONG 3
| #define SIZEOF_LONG_LONG 8
| #define LG_SIZEOF_LONG_LONG 3
| #define SIZEOF_INTMAX_T 8
| #define LG_SIZEOF_INTMAX_T 3
| #define HAVE_CPU_SPINWAIT 1
| #define CPU_SPINWAIT __asm__ volatile("pause")
| #define LG_VADDR 48
| #define LG_VADDR 48
| #define JEMALLOC_PURGE_MADVISE_DONTNEED_ZEROS  
| #define JEMALLOC_HAS_ALLOCA_H  
| #define JEMALLOC_PROC_SYS_VM_OVERCOMMIT_MEMORY  
| #define JEMALLOC_THREADED_INIT  
| #define JEMALLOC_USE_CXX_THROW  
| #define HAVE_MALLOC_H 1
| #define JEMALLOC_USABLE_SIZE_CONST 
| #define JEMALLOC_HAVE_ATTR  
| /* end confdefs.h.  */
| 
| 
| int
| main ()
| {
| 
|     return 0;
| 
|   ;
|   return 0;
| }
configure:8811: result: no
configure:8835: checking whether compiler supports -Werror
configure:8866: cc -c -std=gnu11 -Wall -Wextra -Wsign-compare -Wundef -Wno-format-zero-length -Wpointer-arith -Wno-missing-braces -Wno-missing-field-initializers -Wno-missing-attributes -pipe -g3 -fvisibility=hidden -Werror -O0 -ffunction-sections -fdata-sections -fPIC -gdwarf-4 -fno-omit-frame-pointer -m64 -Wall -O0 -ffunction-sections -fdata-sections -fPIC -gdwarf-4 -fno-omit-frame-pointer -m64 -Wall -D_GNU_SOURCE conftest.c >&5
configure:8866: $? = 0
configure:8868: result: yes
configure:8886: checking whether compiler supports -herror_on_warning
configure:8917: cc -c -std=gnu11 -Wall -Wextra -Wsign-compare -Wundef -Wno-format-zero-length -Wpointer-arith -Wno-missing-braces -Wno-missing-field-initializers -Wno-missing-attributes -pipe -g3 -fvisibility=hidden -Werror -herror_on_warning -O0 -ffunction-sections -fdata-sections -fPIC -gdwarf-4 -fno-omit-frame-pointer -m64 -Wall -O0 -ffunction-sections -fdata-sections -fPIC -gdwarf-4 -fno-omit-frame-pointer -m64 -Wall -D_GNU_SOURCE conftest.c >&5
cc: error: unrecognized command-line option '-h'
configure:8917: $? = 1
configure: failed program was:
| /* confdefs.h */
| #define PACKAGE_NAME ""
| #define PACKAGE_TARNAME ""
| #define PACKAGE_VERSION ""
| #define PACKAGE_STRING ""
| #define PACKAGE_BUGREPORT ""
| #define PACKAGE_URL ""
| #define JEMALLOC_HAS_RESTRICT
| #define STDC_HEADERS 1
| #define HAVE_SYS_TYPES_H 1
| #define HAVE_SYS_STAT_H 1
| #define HAVE_STDLIB_H 1
| #define HAVE_STRING_H 1
| #define HAVE_MEMORY_H 1
| #define HAVE_STRINGS_H 1
| #define HAVE_INTTYPES_H 1
| #define HAVE_STDINT_H 1
| #define HAVE_UNISTD_H 1
| #define SIZEOF_VOID_P 8
| #define LG_SIZEOF_PTR 3
| #define SIZEOF_INT 4
| #define LG_SIZEOF_INT 2
| #define SIZEOF_LONG 8
| #define LG_SIZEOF_LONG 3
| #define SIZEOF_LONG_LONG 8
| #define LG_SIZEOF_LONG_LONG 3
| #define SIZEOF_INTMAX_T 8
| #define LG_SIZEOF_INTMAX_T 3
| #define HAVE_CPU_SPINWAIT 1
| #define CPU_SPINWAIT __asm__ volatile("pause")
| #define LG_VADDR 48
| #define LG_VADDR 48
| #define JEMALLOC_PURGE_MADVISE_DONTNEED_ZEROS  
| #define JEMALLOC_HAS_ALLOCA_H  
| #define JEMALLOC_PROC_SYS_VM_OVERCOMMIT_MEMORY  
| #define JEMALLOC_THREADED_INIT  
| #define JEMALLOC_USE_CXX_THROW  
| #define HAVE_MALLOC_H 1
| #define JEMALLOC_USABLE_SIZE_CONST 
| #define JEMALLOC_HAVE_ATTR  
| /* end confdefs.h.  */
| 
| 
| int
| main ()
| {
| 
|     return 0;
| 
|   ;
|   return 0;
| }
configure:8923: result: no
configure:8937: checking whether tls_model attribute is compilable
configure:8955: cc -o conftest -std=gnu11 -Wall -Wextra -Wsign-compare -Wundef -Wno-format-zero-length -Wpointer-arith -Wno-missing-braces -Wno-missing-field-initializers -Wno-missing-attributes -pipe -g3 -fvisibility=hidden -Werror -O0 -ffunction-sections -fdata-sections -fPIC -gdwarf-4 -fno-omit-frame-pointer -m64 -Wall -O0 -ffunction-sections -fdata-sections -fPIC -gdwarf-4 -fno-omit-frame-pointer -m64 -Wall -D_GNU_SOURCE -O0 -ffunction-sections -fdata-sections -fPIC -gdwarf-4 -fno-omit-frame-pointer -m64 -Wall conftest.c -lm  >&5
configure:8955: $? = 0
configure:8963: result: yes
configure:8978: checking whether compiler supports -Werror
configure:9009: cc -c -std=gnu11 -Wall -Wextra -Wsign-compare -Wundef -Wno-format-zero-length -Wpointer-arith -Wno-missing-braces -Wno-missing-field-initializers -Wno-missing-attributes -pipe -g3 -fvisibility=hidden -Werror -O0 -ffunction-sections -fdata-sections -fPIC -gdwarf-4 -fno-omit-frame-pointer -m64 -Wall -O0 -ffunction-sections -fdata-sections -fPIC -gdwarf-4 -fno-omit-frame-pointer -m64 -Wall -D_GNU_SOURCE conftest.c >&5
configure:9009: $? = 0
configure:9011: result: yes
configure:9029: checking whether compiler supports -herror_on_warning
configure:9060: cc -c -std=gnu11 -Wall -Wextra -Wsign-compare -Wundef -Wno-format-zero-length -Wpointer-arith -Wno-missing-braces -Wno-missing-field-initializers -Wno-missing-attributes -pipe -g3 -fvisibility=hidden -Werror -herror_on_warning -O0 -ffunction-sections -fdata-sections -fPIC -gdwarf-4 -fno-omit-frame-pointer -m64 -Wall -O0 -ffunction-sections -fdata-sections -fPIC -gdwarf-4 -fno-omit-frame-pointer -m64 -Wall -D_GNU_SOURCE conftest.c >&5
cc: error: unrecognized command-line option '-h'
configure:9060: $? = 1
configure: failed program was:
| /* confdefs.h */
| #define PACKAGE_NAME ""
| #define PACKAGE_TARNAME ""
| #define PACKAGE_VERSION ""
| #define PACKAGE_STRING ""
| #define PACKAGE_BUGREPORT ""
| #define PACKAGE_URL ""
| #define JEMALLOC_HAS_RESTRICT
| #define STDC_HEADERS 1
| #define HAVE_SYS_TYPES_H 1
| #define HAVE_SYS_STAT_H 1
| #define HAVE_STDLIB_H 1
| #define HAVE_STRING_H 1
| #define HAVE_MEMORY_H 1
| #define HAVE_STRINGS_H 1
| #define HAVE_INTTYPES_H 1
| #define HAVE_STDINT_H 1
| #define HAVE_UNISTD_H 1
| #define SIZEOF_VOID_P 8
| #define LG_SIZEOF_PTR 3
| #define SIZEOF_INT 4
| #define LG_SIZEOF_INT 2
| #define SIZEOF_LONG 8
| #define LG_SIZEOF_LONG 3
| #define SIZEOF_LONG_LONG 8
| #define LG_SIZEOF_LONG_LONG 3
| #define SIZEOF_INTMAX_T 8
| #define LG_SIZEOF_INTMAX_T 3
| #define HAVE_CPU_SPINWAIT 1
| #define CPU_SPINWAIT __asm__ volatile("pause")
| #define LG_VADDR 48
| #define LG_VADDR 48
| #define JEMALLOC_PURGE_MADVISE_DONTNEED_ZEROS  
| #define JEMALLOC_HAS_ALLOCA_H  
| #define JEMALLOC_PROC_SYS_VM_OVERCOMMIT_MEMORY  
| #define JEMALLOC_THREADED_INIT  
| #define JEMALLOC_USE_CXX_THROW  
| #define HAVE_MALLOC_H 1
| #define JEMALLOC_USABLE_SIZE_CONST 
| #define JEMALLOC_HAVE_ATTR  
| /* end confdefs.h.  */
| 
| 
| int
| main ()
| {
| 
|     return 0;
| 
|   ;
|   return 0;
| }
configure:9066: result: no
configure:9080: checking whether alloc_size attribute is compilable
configure:9096: cc -o conftest -std=gnu11 -Wall -Wextra -Wsign-compare -Wundef -Wno-format-zero-length -Wpointer-arith -Wno-missing-braces -Wno-missing-field-initializers -Wno-missing-attributes -pipe -g3 -fvisibility=hidden -Werror -O0 -ffunction-sections -fdata-sections -fPIC -gdwarf-4 -fno-omit-frame-pointer -m64 -Wall -O0 -ffunction-sections -fdata-sections -fPIC -gdwarf-4 -fno-omit-frame-pointer -m64 -Wall -D_GNU_SOURCE -O0 -ffunction-sections -fdata-sections -fPIC -gdwarf-4 -fno-omit-frame-pointer -m64 -Wall conftest.c -lm  >&5
configure:9096: $? = 0
configure:9104: result: yes
configure:9123: checking whether compiler supports -Werror
configure:9154: cc -c -std=gnu11 -Wall -Wextra -Wsign-compare -Wundef -Wno-format-zero-length -Wpointer-arith -Wno-missing-braces -Wno-missing-field-initializers -Wno-missing-attributes -pipe -g3 -fvisibility=hidden -Werror -O0 -ffunction-sections -fdata-sections -fPIC -gdwarf-4 -fno-omit-frame-pointer -m64 -Wall -O0 -ffunction-sections -fdata-sections -fPIC -gdwarf-4 -fno-omit-frame-pointer -m64 -Wall -D_GNU_SOURCE conftest.c >&5
configure:9154: $? = 0
configure:9156: result: yes
configure:9174: checking whether compiler supports -herror_on_warning
configure:9205: cc -c -std=gnu11 -Wall -Wextra -Wsign-compare -Wundef -Wno-format-zero-length -Wpointer-arith -Wno-missing-braces -Wno-missing-field-initializers -Wno-missing-attributes -pipe -g3 -fvisibility=hidden -Werror -herror_on_warning -O0 -ffunction-sections -fdata-sections -fPIC -gdwarf-4 -fno-omit-frame-pointer -m64 -Wall -O0 -ffunction-sections -fdata-sections -fPIC -gdwarf-4 -fno-omit-frame-pointer -m64 -Wall -D_GNU_SOURCE conftest.c >&5
cc: error: unrecognized command-line option '-h'
configure:9205: $? = 1
configure: failed program was:
| /* confdefs.h */
| #define PACKAGE_NAME ""
| #define PACKAGE_TARNAME ""
| #define PACKAGE_VERSION ""
| #define PACKAGE_STRING ""
| #define PACKAGE_BUGREPORT ""
| #define PACKAGE_URL ""
| #define JEMALLOC_HAS_RESTRICT
| #define STDC_HEADERS 1
| #define HAVE_SYS_TYPES_H 1
| #define HAVE_SYS_STAT_H 1
| #define HAVE_STDLIB_H 1
| #define HAVE_STRING_H 1
| #define HAVE_MEMORY_H 1
| #define HAVE_STRINGS_H 1
| #define HAVE_INTTYPES_H 1
| #define HAVE_STDINT_H 1
| #define HAVE_UNISTD_H 1
| #define SIZEOF_VOID_P 8
| #define LG_SIZEOF_PTR 3
| #define SIZEOF_INT 4
| #define LG_SIZEOF_INT 2
| #define SIZEOF_LONG 8
| #define LG_SIZEOF_LONG 3
| #define SIZEOF_LONG_LONG 8
| #define LG_SIZEOF_LONG_LONG 3
| #define SIZEOF_INTMAX_T 8
| #define LG_SIZEOF_INTMAX_T 3
| #define HAVE_CPU_SPINWAIT 1
| #define CPU_SPINWAIT __asm__ volatile("pause")
| #define LG_VADDR 48
| #define LG_VADDR 48
| #define JEMALLOC_PURGE_MADVISE_DONTNEED_ZEROS  
| #define JEMALLOC_HAS_ALLOCA_H  
| #define JEMALLOC_PROC_SYS_VM_OVERCOMMIT_MEMORY  
| #define JEMALLOC_THREADED_INIT  
| #define JEMALLOC_USE_CXX_THROW  
| #define HAVE_MALLOC_H 1
| #define JEMALLOC_USABLE_SIZE_CONST 
| #define JEMALLOC_HAVE_ATTR  
| #define JEMALLOC_HAVE_ATTR_ALLOC_SIZE  
| /* end confdefs.h.  */
| 
| 
| int
| main ()
| {
| 
|     return 0;
| 
|   ;
|   return 0;
| }
configure:9211: result: no
configure:9225: checking whether format(gnu_printf, ...) attribute is compilable
configure:9241: cc -o conftest -std=gnu11 -Wall -Wextra -Wsign-compare -Wundef -Wno-format-zero-length -Wpointer-arith -Wno-missing-braces -Wno-missing-field-initializers -Wno-missing-attributes -pipe -g3 -fvisibility=hidden -Werror -O0 -ffunction-sections -fdata-sections -fPIC -gdwarf-4 -fno-omit-frame-pointer -m64 -Wall -O0 -ffunction-sections -fdata-sections -fPIC -gdwarf-4 -fno-omit-frame-pointer -m64 -Wall -D_GNU_SOURCE -O0 -ffunction-sections -fdata-sections -fPIC -gdwarf-4 -fno-omit-frame-pointer -m64 -Wall conftest.c -lm  >&5
configure:9241: $? = 0
configure:9249: result: yes
configure:9268: checking whether compiler supports -Werror
configure:9299: cc -c -std=gnu11 -Wall -Wextra -Wsign-compare -Wundef -Wno-format-zero-length -Wpointer-arith -Wno-missing-braces -Wno-missing-field-initializers -Wno-missing-attributes -pipe -g3 -fvisibility=hidden -Werror -O0 -ffunction-sections -fdata-sections -fPIC -gdwarf-4 -fno-omit-frame-pointer -m64 -Wall -O0 -ffunction-sections -fdata-sections -fPIC -gdwarf-4 -fno-omit-frame-pointer -m64 -Wall -D_GNU_SOURCE conftest.c >&5
configure:9299: $? = 0
configure:9301: result: yes
configure:9319: checking whether compiler supports -herror_on_warning
configure:9350: cc -c -std=gnu11 -Wall -Wextra -Wsign-compare -Wundef -Wno-format-zero-length -Wpointer-arith -Wno-missing-braces -Wno-missing-field-initializers -Wno-missing-attributes -pipe -g3 -fvisibility=hidden -Werror -herror_on_warning -O0 -ffunction-sections -fdata-sections -fPIC -gdwarf-4 -fno-omit-frame-pointer -m64 -Wall -O0 -ffunction-sections -fdata-sections -fPIC -gdwarf-4 -fno-omit-frame-pointer -m64 -Wall -D_GNU_SOURCE conftest.c >&5
cc: error: unrecognized command-line option '-h'
configure:9350: $? = 1
configure: failed program was:
| /* confdefs.h */
| #define PACKAGE_NAME ""
| #define PACKAGE_TARNAME ""
| #define PACKAGE_VERSION ""
| #define PACKAGE_STRING ""
| #define PACKAGE_BUGREPORT ""
| #define PACKAGE_URL ""
| #define JEMALLOC_HAS_RESTRICT
| #define STDC_HEADERS 1
| #define HAVE_SYS_TYPES_H 1
| #define HAVE_SYS_STAT_H 1
| #define HAVE_STDLIB_H 1
| #define HAVE_STRING_H 1
| #define HAVE_MEMORY_H 1
| #define HAVE_STRINGS_H 1
| #define HAVE_INTTYPES_H 1
| #define HAVE_STDINT_H 1
| #define HAVE_UNISTD_H 1
| #define SIZEOF_VOID_P 8
| #define LG_SIZEOF_PTR 3
| #define SIZEOF_INT 4
| #define LG_SIZEOF_INT 2
| #define SIZEOF_LONG 8
| #define LG_SIZEOF_LONG 3
| #define SIZEOF_LONG_LONG 8
| #define LG_SIZEOF_LONG_LONG 3
| #define SIZEOF_INTMAX_T 8
| #define LG_SIZEOF_INTMAX_T 3
| #define HAVE_CPU_SPINWAIT 1
| #define CPU_SPINWAIT __asm__ volatile("pause")
| #define LG_VADDR 48
| #define LG_VADDR 48
| #define JEMALLOC_PURGE_MADVISE_DONTNEED_ZEROS  
| #define JEMALLOC_HAS_ALLOCA_H  
| #define JEMALLOC_PROC_SYS_VM_OVERCOMMIT_MEMORY  
| #define JEMALLOC_THREADED_INIT  
| #define JEMALLOC_USE_CXX_THROW  
| #define HAVE_MALLOC_H 1
| #define JEMALLOC_USABLE_SIZE_CONST 
| #define JEMALLOC_HAVE_ATTR  
| #define JEMALLOC_HAVE_ATTR_ALLOC_SIZE  
| #define JEMALLOC_HAVE_ATTR_FORMAT_GNU_PRINTF  
| /* end confdefs.h.  */
| 
| 
| int
| main ()
| {
| 
|     return 0;
| 
|   ;
|   return 0;
| }
configure:9356: result: no
configure:9370: checking whether format(printf, ...) attribute is compilable
configure:9386: cc -o conftest -std=gnu11 -Wall -Wextra -Wsign-compare -Wundef -Wno-format-zero-length -Wpointer-arith -Wno-missing-braces -Wno-missing-field-initializers -Wno-missing-attributes -pipe -g3 -fvisibility=hidden -Werror -O0 -ffunction-sections -fdata-sections -fPIC -gdwarf-4 -fno-omit-frame-pointer -m64 -Wall -O0 -ffunction-sections -fdata-sections -fPIC -gdwarf-4 -fno-omit-frame-pointer -m64 -Wall -D_GNU_SOURCE -O0 -ffunction-sections -fdata-sections -fPIC -gdwarf-4 -fno-omit-frame-pointer -m64 -Wall conftest.c -lm  >&5
configure:9386: $? = 0
configure:9394: result: yes
configure:9414: checking whether compiler supports -Werror
configure:9445: cc -c -std=gnu11 -Wall -Wextra -Wsign-compare -Wundef -Wno-format-zero-length -Wpointer-arith -Wno-missing-braces -Wno-missing-field-initializers -Wno-missing-attributes -pipe -g3 -fvisibility=hidden -Werror -O0 -ffunction-sections -fdata-sections -fPIC -gdwarf-4 -fno-omit-frame-pointer -m64 -Wall -O0 -ffunction-sections -fdata-sections -fPIC -gdwarf-4 -fno-omit-frame-pointer -m64 -Wall -D_GNU_SOURCE conftest.c >&5
configure:9445: $? = 0
configure:9447: result: yes
configure:9465: checking whether compiler supports -herror_on_warning
configure:9496: cc -c -std=gnu11 -Wall -Wextra -Wsign-compare -Wundef -Wno-format-zero-length -Wpointer-arith -Wno-missing-braces -Wno-missing-field-initializers -Wno-missing-attributes -pipe -g3 -fvisibility=hidden -Werror -herror_on_warning -O0 -ffunction-sections -fdata-sections -fPIC -gdwarf-4 -fno-omit-frame-pointer -m64 -Wall -O0 -ffunction-sections -fdata-sections -fPIC -gdwarf-4 -fno-omit-frame-pointer -m64 -Wall -D_GNU_SOURCE conftest.c >&5
cc: error: unrecognized command-line option '-h'
configure:9496: $? = 1
configure: failed program was:
| /* confdefs.h */
| #define PACKAGE_NAME ""
| #define PACKAGE_TARNAME ""
| #define PACKAGE_VERSION ""
| #define PACKAGE_STRING ""
| #define PACKAGE_BUGREPORT ""
| #define PACKAGE_URL ""
| #define JEMALLOC_HAS_RESTRICT
| #define STDC_HEADERS 1
| #define HAVE_SYS_TYPES_H 1
| #define HAVE_SYS_STAT_H 1
| #define HAVE_STDLIB_H 1
| #define HAVE_STRING_H 1
| #define HAVE_MEMORY_H 1
| #define HAVE_STRINGS_H 1
| #define HAVE_INTTYPES_H 1
| #define HAVE_STDINT_H 1
| #define HAVE_UNISTD_H 1
| #define SIZEOF_VOID_P 8
| #define LG_SIZEOF_PTR 3
| #define SIZEOF_INT 4
| #define LG_SIZEOF_INT 2
| #define SIZEOF_LONG 8
| #define LG_SIZEOF_LONG 3
| #define SIZEOF_LONG_LONG 8
| #define LG_SIZEOF_LONG_LONG 3
| #define SIZEOF_INTMAX_T 8
| #define LG_SIZEOF_INTMAX_T 3
| #define HAVE_CPU_SPINWAIT 1
| #define CPU_SPINWAIT __asm__ volatile("pause")
| #define LG_VADDR 48
| #define LG_VADDR 48
| #define JEMALLOC_PURGE_MADVISE_DONTNEED_ZEROS  
| #define JEMALLOC_HAS_ALLOCA_H  
| #define JEMALLOC_PROC_SYS_VM_OVERCOMMIT_MEMORY  
| #define JEMALLOC_THREADED_INIT  
| #define JEMALLOC_USE_CXX_THROW  
| #define HAVE_MALLOC_H 1
| #define JEMALLOC_USABLE_SIZE_CONST 
| #define JEMALLOC_HAVE_ATTR  
| #define JEMALLOC_HAVE_ATTR_ALLOC_SIZE  
| #define JEMALLOC_HAVE_ATTR_FORMAT_GNU_PRINTF  
| #define JEMALLOC_HAVE_ATTR_FORMAT_PRINTF  
| /* end confdefs.h.  */
| 
| 
| int
| main ()
| {
| 
|     return 0;
| 
|   ;
|   return 0;
| }
configure:9502: result: no
configure:9516: checking whether format(printf, ...) attribute is compilable
configure:9532: cc -o conftest -std=gnu11 -Wall -Wextra -Wsign-compare -Wundef -Wno-format-zero-length -Wpointer-arith -Wno-missing-braces -Wno-missing-field-initializers -Wno-missing-attributes -pipe -g3 -fvisibility=hidden -Werror -O0 -ffunction-sections -fdata-sections -fPIC -gdwarf-4 -fno-omit-frame-pointer -m64 -Wall -O0 -ffunction-sections -fdata-sections -fPIC -gdwarf-4 -fno-omit-frame-pointer -m64 -Wall -D_GNU_SOURCE -O0 -ffunction-sections -fdata-sections -fPIC -gdwarf-4 -fno-omit-frame-pointer -m64 -Wall conftest.c -lm  >&5
configure:9532: $? = 0
configure:9540: result: yes
configure:9560: checking whether compiler supports -Wimplicit-fallthrough
configure:9591: cc -c -std=gnu11 -Wall -Wextra -Wsign-compare -Wundef -Wno-format-zero-length -Wpointer-arith -Wno-missing-braces -Wno-missing-field-initializers -Wno-missing-attributes -pipe -g3 -fvisibility=hidden -Wimplicit-fallthrough -O0 -ffunction-sections -fdata-sections -fPIC -gdwarf-4 -fno-omit-frame-pointer -m64 -Wall -O0 -ffunction-sections -fdata-sections -fPIC -gdwarf-4 -fno-omit-frame-pointer -m64 -Wall -D_GNU_SOURCE conftest.c >&5
configure:9591: $? = 0
configure:9593: result: yes
configure:9611: checking whether fallthrough attribute is compilable
configure:9633: cc -o conftest -std=gnu11 -Wall -Wextra -Wsign-compare -Wundef -Wno-format-zero-length -Wpointer-arith -Wno-missing-braces -Wno-missing-field-initializers -Wno-missing-attributes -pipe -g3 -fvisibility=hidden -Wimplicit-fallthrough -O0 -ffunction-sections -fdata-sections -fPIC -gdwarf-4 -fno-omit-frame-pointer -m64 -Wall -O0 -ffunction-sections -fdata-sections -fPIC -gdwarf-4 -fno-omit-frame-pointer -m64 -Wall -D_GNU_SOURCE -O0 -ffunction-sections -fdata-sections -fPIC -gdwarf-4 -fno-omit-frame-pointer -m64 -Wall conftest.c -lm  >&5
configure:9633: $? = 0
configure:9641: result: yes
configure:9657: checking whether compiler supports -Wimplicit-fallthrough
configure:9688: cc -c -std=gnu11 -Wall -Wextra -Wsign-compare -Wundef -Wno-format-zero-length -Wpointer-arith -Wno-missing-braces -Wno-missing-field-initializers -Wno-missing-attributes -pipe -g3 -fvisibility=hidden -Wimplicit-fallthrough -O0 -ffunction-sections -fdata-sections -fPIC -gdwarf-4 -fno-omit-frame-pointer -m64 -Wall -O0 -ffunction-sections -fdata-sections -fPIC -gdwarf-4 -fno-omit-frame-pointer -m64 -Wall -D_GNU_SOURCE conftest.c >&5
configure:9688: $? = 0
configure:9690: result: yes
configure:9708: checking whether compiler supports -Wimplicit-fallthrough
configure:9745:  -c -Wimplicit-fallthrough -O0 -ffunction-sections -fdata-sections -fPIC -gdwarf-4 -fno-omit-frame-pointer -m64 -Wall -D_GNU_SOURCE conftest.cpp >&5
/home/runner/work/buckal_workspace/buckal_workspace/test/3rd/fd/buck-out/v2/gen/root/fecc77911dff3f64/third-party/rust/crates/tikv-jemalloc-sys/0.6.0+5.3.0-1-ge13ca993e8ccb9ba9847cc330696e02839f328f7/__tikv-jemalloc-sys-build-script-run__/OUT_DIR/build/configure: line 1694: -c: command not found
configure:9745: $? = 127
configure: failed program was:
| /* confdefs.h */
| #define PACKAGE_NAME ""
| #define PACKAGE_TARNAME ""
| #define PACKAGE_VERSION ""
| #define PACKAGE_STRING ""
| #define PACKAGE_BUGREPORT ""
| #define PACKAGE_URL ""
| #define JEMALLOC_HAS_RESTRICT
| #define STDC_HEADERS 1
| #define HAVE_SYS_TYPES_H 1
| #define HAVE_SYS_STAT_H 1
| #define HAVE_STDLIB_H 1
| #define HAVE_STRING_H 1
| #define HAVE_MEMORY_H 1
| #define HAVE_STRINGS_H 1
| #define HAVE_INTTYPES_H 1
| #define HAVE_STDINT_H 1
| #define HAVE_UNISTD_H 1
| #define SIZEOF_VOID_P 8
| #define LG_SIZEOF_PTR 3
| #define SIZEOF_INT 4
| #define LG_SIZEOF_INT 2
| #define SIZEOF_LONG 8
| #define LG_SIZEOF_LONG 3
| #define SIZEOF_LONG_LONG 8
| #define LG_SIZEOF_LONG_LONG 3
| #define SIZEOF_INTMAX_T 8
| #define LG_SIZEOF_INTMAX_T 3
| #define HAVE_CPU_SPINWAIT 1
| #define CPU_SPINWAIT __asm__ volatile("pause")
| #define LG_VADDR 48
| #define LG_VADDR 48
| #define JEMALLOC_PURGE_MADVISE_DONTNEED_ZEROS  
| #define JEMALLOC_HAS_ALLOCA_H  
| #define JEMALLOC_PROC_SYS_VM_OVERCOMMIT_MEMORY  
| #define JEMALLOC_THREADED_INIT  
| #define JEMALLOC_USE_CXX_THROW  
| #define HAVE_MALLOC_H 1
| #define JEMALLOC_USABLE_SIZE_CONST 
| #define JEMALLOC_HAVE_ATTR  
| #define JEMALLOC_HAVE_ATTR_ALLOC_SIZE  
| #define JEMALLOC_HAVE_ATTR_FORMAT_GNU_PRINTF  
| #define JEMALLOC_HAVE_ATTR_FORMAT_PRINTF  
| #define JEMALLOC_HAVE_ATTR_FORMAT_ARG  
| #define JEMALLOC_HAVE_ATTR_FALLTHROUGH  
| /* end confdefs.h.  */
| 
| 
| int
| main ()
| {
| 
|     return 0;
| 
|   ;
|   return 0;
| }
configure:9751: result: no
configure:9775: checking whether compiler supports -Werror
configure:9806: cc -c -std=gnu11 -Wall -Wextra -Wsign-compare -Wundef -Wno-format-zero-length -Wpointer-arith -Wno-missing-braces -Wno-missing-field-initializers -Wno-missing-attributes -pipe -g3 -fvisibility=hidden -Wimplicit-fallthrough -Werror -O0 -ffunction-sections -fdata-sections -fPIC -gdwarf-4 -fno-omit-frame-pointer -m64 -Wall -O0 -ffunction-sections -fdata-sections -fPIC -gdwarf-4 -fno-omit-frame-pointer -m64 -Wall -D_GNU_SOURCE conftest.c >&5
configure:9806: $? = 0
configure:9808: result: yes
configure:9826: checking whether compiler supports -herror_on_warning
configure:9857: cc -c -std=gnu11 -Wall -Wextra -Wsign-compare -Wundef -Wno-format-zero-length -Wpointer-arith -Wno-missing-braces -Wno-missing-field-initializers -Wno-missing-attributes -pipe -g3 -fvisibility=hidden -Wimplicit-fallthrough -Werror -herror_on_warning -O0 -ffunction-sections -fdata-sections -fPIC -gdwarf-4 -fno-omit-frame-pointer -m64 -Wall -O0 -ffunction-sections -fdata-sections -fPIC -gdwarf-4 -fno-omit-frame-pointer -m64 -Wall -D_GNU_SOURCE conftest.c >&5
cc: error: unrecognized command-line option '-h'
configure:9857: $? = 1
configure: failed program was:
| /* confdefs.h */
| #define PACKAGE_NAME ""
| #define PACKAGE_TARNAME ""
| #define PACKAGE_VERSION ""
| #define PACKAGE_STRING ""
| #define PACKAGE_BUGREPORT ""
| #define PACKAGE_URL ""
| #define JEMALLOC_HAS_RESTRICT
| #define STDC_HEADERS 1
| #define HAVE_SYS_TYPES_H 1
| #define HAVE_SYS_STAT_H 1
| #define HAVE_STDLIB_H 1
| #define HAVE_STRING_H 1
| #define HAVE_MEMORY_H 1
| #define HAVE_STRINGS_H 1
| #define HAVE_INTTYPES_H 1
| #define HAVE_STDINT_H 1
| #define HAVE_UNISTD_H 1
| #define SIZEOF_VOID_P 8
| #define LG_SIZEOF_PTR 3
| #define SIZEOF_INT 4
| #define LG_SIZEOF_INT 2
| #define SIZEOF_LONG 8
| #define LG_SIZEOF_LONG 3
| #define SIZEOF_LONG_LONG 8
| #define LG_SIZEOF_LONG_LONG 3
| #define SIZEOF_INTMAX_T 8
| #define LG_SIZEOF_INTMAX_T 3
| #define HAVE_CPU_SPINWAIT 1
| #define CPU_SPINWAIT __asm__ volatile("pause")
| #define LG_VADDR 48
| #define LG_VADDR 48
| #define JEMALLOC_PURGE_MADVISE_DONTNEED_ZEROS  
| #define JEMALLOC_HAS_ALLOCA_H  
| #define JEMALLOC_PROC_SYS_VM_OVERCOMMIT_MEMORY  
| #define JEMALLOC_THREADED_INIT  
| #define JEMALLOC_USE_CXX_THROW  
| #define HAVE_MALLOC_H 1
| #define JEMALLOC_USABLE_SIZE_CONST 
| #define JEMALLOC_HAVE_ATTR  
| #define JEMALLOC_HAVE_ATTR_ALLOC_SIZE  
| #define JEMALLOC_HAVE_ATTR_FORMAT_GNU_PRINTF  
| #define JEMALLOC_HAVE_ATTR_FORMAT_PRINTF  
| #define JEMALLOC_HAVE_ATTR_FORMAT_ARG  
| #define JEMALLOC_HAVE_ATTR_FALLTHROUGH  
| /* end confdefs.h.  */
| 
| 
| int
| main ()
| {
| 
|     return 0;
| 
|   ;
|   return 0;
| }
configure:9863: result: no
configure:9877: checking whether cold attribute is compilable
configure:9893: cc -o conftest -std=gnu11 -Wall -Wextra -Wsign-compare -Wundef -Wno-format-zero-length -Wpointer-arith -Wno-missing-braces -Wno-missing-field-initializers -Wno-missing-attributes -pipe -g3 -fvisibility=hidden -Wimplicit-fallthrough -Werror -O0 -ffunction-sections -fdata-sections -fPIC -gdwarf-4 -fno-omit-frame-pointer -m64 -Wall -O0 -ffunction-sections -fdata-sections -fPIC -gdwarf-4 -fno-omit-frame-pointer -m64 -Wall -D_GNU_SOURCE -O0 -ffunction-sections -fdata-sections -fPIC -gdwarf-4 -fno-omit-frame-pointer -m64 -Wall conftest.c -lm  >&5
configure:9893: $? = 0
configure:9901: result: yes
configure:9919: checking whether vm_make_tag is compilable
configure:9938: cc -o conftest -std=gnu11 -Wall -Wextra -Wsign-compare -Wundef -Wno-format-zero-length -Wpointer-arith -Wno-missing-braces -Wno-missing-field-initializers -Wno-missing-attributes -pipe -g3 -fvisibility=hidden -Wimplicit-fallthrough -O0 -ffunction-sections -fdata-sections -fPIC -gdwarf-4 -fno-omit-frame-pointer -m64 -Wall -O0 -ffunction-sections -fdata-sections -fPIC -gdwarf-4 -fno-omit-frame-pointer -m64 -Wall -D_GNU_SOURCE -O0 -ffunction-sections -fdata-sections -fPIC -gdwarf-4 -fno-omit-frame-pointer -m64 -Wall conftest.c -lm  >&5
conftest.c:49:25: fatal error: mach/vm_statistics.h: No such file or directory
   49 |                #include <mach/vm_statistics.h>
      |                         ^~~~~~~~~~~~~~~~~~~~~~
compilation terminated.
configure:9938: $? = 1
configure: failed program was:
| /* confdefs.h */
| #define PACKAGE_NAME ""
| #define PACKAGE_TARNAME ""
| #define PACKAGE_VERSION ""
| #define PACKAGE_STRING ""
| #define PACKAGE_BUGREPORT ""
| #define PACKAGE_URL ""
| #define JEMALLOC_HAS_RESTRICT
| #define STDC_HEADERS 1
| #define HAVE_SYS_TYPES_H 1
| #define HAVE_SYS_STAT_H 1
| #define HAVE_STDLIB_H 1
| #define HAVE_STRING_H 1
| #define HAVE_MEMORY_H 1
| #define HAVE_STRINGS_H 1
| #define HAVE_INTTYPES_H 1
| #define HAVE_STDINT_H 1
| #define HAVE_UNISTD_H 1
| #define SIZEOF_VOID_P 8
| #define LG_SIZEOF_PTR 3
| #define SIZEOF_INT 4
| #define LG_SIZEOF_INT 2
| #define SIZEOF_LONG 8
| #define LG_SIZEOF_LONG 3
| #define SIZEOF_LONG_LONG 8
| #define LG_SIZEOF_LONG_LONG 3
| #define SIZEOF_INTMAX_T 8
| #define LG_SIZEOF_INTMAX_T 3
| #define HAVE_CPU_SPINWAIT 1
| #define CPU_SPINWAIT __asm__ volatile("pause")
| #define LG_VADDR 48
| #define LG_VADDR 48
| #define JEMALLOC_PURGE_MADVISE_DONTNEED_ZEROS  
| #define JEMALLOC_HAS_ALLOCA_H  
| #define JEMALLOC_PROC_SYS_VM_OVERCOMMIT_MEMORY  
| #define JEMALLOC_THREADED_INIT  
| #define JEMALLOC_USE_CXX_THROW  
| #define HAVE_MALLOC_H 1
| #define JEMALLOC_USABLE_SIZE_CONST 
| #define JEMALLOC_HAVE_ATTR  
| #define JEMALLOC_HAVE_ATTR_ALLOC_SIZE  
| #define JEMALLOC_HAVE_ATTR_FORMAT_GNU_PRINTF  
| #define JEMALLOC_HAVE_ATTR_FORMAT_PRINTF  
| #define JEMALLOC_HAVE_ATTR_FORMAT_ARG  
| #define JEMALLOC_HAVE_ATTR_FALLTHROUGH  
| #define JEMALLOC_HAVE_ATTR_COLD  
| /* end confdefs.h.  */
| #include <sys/mman.h>
| 	       #include <mach/vm_statistics.h>
| int
| main ()
| {
| void *p;
| 	       p = mmap(0, 16, PROT_READ, MAP_ANON|MAP_PRIVATE, VM_MAKE_TAG(1), 0);
| 	       munmap(p, 16);
|   ;
|   return 0;
| }
configure:9946: result: no
configure:9999: checking for a BSD-compatible install
configure:10067: result: /usr/bin/install -c
configure:10081: checking for x86_64-unknown-linux-gnu-ranlib
configure:10111: result: no
configure:10121: checking for ranlib
configure:10137: found /usr/bin/ranlib
configure:10148: result: ranlib
configure:10172: checking for ld
configure:10190: found /usr/bin/ld
configure:10203: result: /usr/bin/ld
configure:10213: checking for autoconf
configure:10231: found /usr/bin/autoconf
configure:10244: result: /usr/bin/autoconf
configure:10357: checking for memalign
configure:10357: cc -o conftest -std=gnu11 -Wall -Wextra -Wsign-compare -Wundef -Wno-format-zero-length -Wpointer-arith -Wno-missing-braces -Wno-missing-field-initializers -Wno-missing-attributes -pipe -g3 -fvisibility=hidden -Wimplicit-fallthrough -O0 -ffunction-sections -fdata-sections -fPIC -gdwarf-4 -fno-omit-frame-pointer -m64 -Wall -O0 -ffunction-sections -fdata-sections -fPIC -gdwarf-4 -fno-omit-frame-pointer -m64 -Wall -D_GNU_SOURCE -O0 -ffunction-sections -fdata-sections -fPIC -gdwarf-4 -fno-omit-frame-pointer -m64 -Wall conftest.c -lm  >&5
configure:10357: $? = 0
configure:10357: result: yes
configure:10365: checking for valloc
configure:10365: cc -o conftest -std=gnu11 -Wall -Wextra -Wsign-compare -Wundef -Wno-format-zero-length -Wpointer-arith -Wno-missing-braces -Wno-missing-field-initializers -Wno-missing-attributes -pipe -g3 -fvisibility=hidden -Wimplicit-fallthrough -O0 -ffunction-sections -fdata-sections -fPIC -gdwarf-4 -fno-omit-frame-pointer -m64 -Wall -O0 -ffunction-sections -fdata-sections -fPIC -gdwarf-4 -fno-omit-frame-pointer -m64 -Wall -D_GNU_SOURCE -O0 -ffunction-sections -fdata-sections -fPIC -gdwarf-4 -fno-omit-frame-pointer -m64 -Wall conftest.c -lm  >&5
configure:10365: $? = 0
configure:10365: result: yes
configure:10373: checking for malloc_size
configure:10373: cc -o conftest -std=gnu11 -Wall -Wextra -Wsign-compare -Wundef -Wno-format-zero-length -Wpointer-arith -Wno-missing-braces -Wno-missing-field-initializers -Wno-missing-attributes -pipe -g3 -fvisibility=hidden -Wimplicit-fallthrough -O0 -ffunction-sections -fdata-sections -fPIC -gdwarf-4 -fno-omit-frame-pointer -m64 -Wall -O0 -ffunction-sections -fdata-sections -fPIC -gdwarf-4 -fno-omit-frame-pointer -m64 -Wall -D_GNU_SOURCE -O0 -ffunction-sections -fdata-sections -fPIC -gdwarf-4 -fno-omit-frame-pointer -m64 -Wall conftest.c -lm  >&5
/usr/bin/ld: /home/runner/work/buckal_workspace/buckal_workspace/test/3rd/fd/buck-out/v2/tmp/root/e51fa9e9ecb67d13/buildscript/ccPDgbOa.o: in function `main':
/home/runner/work/buckal_workspace/buckal_workspace/test/3rd/fd/buck-out/v2/gen/root/fecc77911dff3f64/third-party/rust/crates/tikv-jemalloc-sys/0.6.0+5.3.0-1-ge13ca993e8ccb9ba9847cc330696e02839f328f7/__tikv-jemalloc-sys-build-script-run__/OUT_DIR/build/conftest.c:86:(.text.main+0xe): undefined reference to `malloc_size'
collect2: error: ld returned 1 exit status
configure:10373: $? = 1
configure: failed program was:
| /* confdefs.h */
| #define PACKAGE_NAME ""
| #define PACKAGE_TARNAME ""
| #define PACKAGE_VERSION ""
| #define PACKAGE_STRING ""
| #define PACKAGE_BUGREPORT ""
| #define PACKAGE_URL ""
| #define JEMALLOC_HAS_RESTRICT
| #define STDC_HEADERS 1
| #define HAVE_SYS_TYPES_H 1
| #define HAVE_SYS_STAT_H 1
| #define HAVE_STDLIB_H 1
| #define HAVE_STRING_H 1
| #define HAVE_MEMORY_H 1
| #define HAVE_STRINGS_H 1
| #define HAVE_INTTYPES_H 1
| #define HAVE_STDINT_H 1
| #define HAVE_UNISTD_H 1
| #define SIZEOF_VOID_P 8
| #define LG_SIZEOF_PTR 3
| #define SIZEOF_INT 4
| #define LG_SIZEOF_INT 2
| #define SIZEOF_LONG 8
| #define LG_SIZEOF_LONG 3
| #define SIZEOF_LONG_LONG 8
| #define LG_SIZEOF_LONG_LONG 3
| #define SIZEOF_INTMAX_T 8
| #define LG_SIZEOF_INTMAX_T 3
| #define HAVE_CPU_SPINWAIT 1
| #define CPU_SPINWAIT __asm__ volatile("pause")
| #define LG_VADDR 48
| #define LG_VADDR 48
| #define JEMALLOC_PURGE_MADVISE_DONTNEED_ZEROS  
| #define JEMALLOC_HAS_ALLOCA_H  
| #define JEMALLOC_PROC_SYS_VM_OVERCOMMIT_MEMORY  
| #define JEMALLOC_THREADED_INIT  
| #define JEMALLOC_USE_CXX_THROW  
| #define HAVE_MALLOC_H 1
| #define JEMALLOC_USABLE_SIZE_CONST 
| #define JEMALLOC_HAVE_ATTR  
| #define JEMALLOC_HAVE_ATTR_ALLOC_SIZE  
| #define JEMALLOC_HAVE_ATTR_FORMAT_GNU_PRINTF  
| #define JEMALLOC_HAVE_ATTR_FORMAT_PRINTF  
| #define JEMALLOC_HAVE_ATTR_FORMAT_ARG  
| #define JEMALLOC_HAVE_ATTR_FALLTHROUGH  
| #define JEMALLOC_HAVE_ATTR_COLD  
| #define JEMALLOC_PREFIX "_rjem_"
| #define JEMALLOC_CPREFIX "_RJEM_"
| #define JEMALLOC_OVERRIDE_MEMALIGN  
| #define JEMALLOC_OVERRIDE_VALLOC  
| /* end confdefs.h.  */
| /* Define malloc_size to an innocuous variant, in case <limits.h> declares malloc_size.
|    For example, HP-UX 11i <limits.h> declares gettimeofday.  */
| #define malloc_size innocuous_malloc_size
| 
| /* System header to define __stub macros and hopefully few prototypes,
|     which can conflict with char malloc_size (); below.
|     Prefer <limits.h> to <assert.h> if __STDC__ is defined, since
|     <limits.h> exists even on freestanding compilers.  */
| 
| #ifdef __STDC__
| # include <limits.h>
| #else
| # include <assert.h>
| #endif
| 
| #undef malloc_size
| 
| /* Override any GCC internal prototype to avoid an error.
|    Use char because int might match the return type of a GCC
|    builtin and then its argument prototype would still apply.  */
| #ifdef __cplusplus
| extern "C"
| #endif
| char malloc_size ();
| /* The GNU C library defines this for functions which it implements
|     to always fail with ENOSYS.  Some functions are actually named
|     something starting with __ and the normal name is an alias.  */
| #if defined __stub_malloc_size || defined __stub___malloc_size
| choke me
| #endif
| 
| int
| main ()
| {
| return malloc_size ();
|   ;
|   return 0;
| }
configure:10373: result: no
configure:10590: checking whether compiler supports -O3
configure:10621: cc -c -std=gnu11 -Wall -Wextra -Wsign-compare -Wundef -Wno-format-zero-length -Wpointer-arith -Wno-missing-braces -Wno-missing-field-initializers -Wno-missing-attributes -pipe -g3 -fvisibility=hidden -Wimplicit-fallthrough -O3 -O0 -ffunction-sections -fdata-sections -fPIC -gdwarf-4 -fno-omit-frame-pointer -m64 -Wall -O0 -ffunction-sections -fdata-sections -fPIC -gdwarf-4 -fno-omit-frame-pointer -m64 -Wall -D_GNU_SOURCE conftest.c >&5
configure:10621: $? = 0
configure:10623: result: yes
configure:10641: checking whether compiler supports -O3
configure:10678:  -c -O3 -O0 -ffunction-sections -fdata-sections -fPIC -gdwarf-4 -fno-omit-frame-pointer -m64 -Wall -D_GNU_SOURCE conftest.cpp >&5
/home/runner/work/buckal_workspace/buckal_workspace/test/3rd/fd/buck-out/v2/gen/root/fecc77911dff3f64/third-party/rust/crates/tikv-jemalloc-sys/0.6.0+5.3.0-1-ge13ca993e8ccb9ba9847cc330696e02839f328f7/__tikv-jemalloc-sys-build-script-run__/OUT_DIR/build/configure: line 1694: -c: command not found
configure:10678: $? = 127
configure: failed program was:
| /* confdefs.h */
| #define PACKAGE_NAME ""
| #define PACKAGE_TARNAME ""
| #define PACKAGE_VERSION ""
| #define PACKAGE_STRING ""
| #define PACKAGE_BUGREPORT ""
| #define PACKAGE_URL ""
| #define JEMALLOC_HAS_RESTRICT
| #define STDC_HEADERS 1
| #define HAVE_SYS_TYPES_H 1
| #define HAVE_SYS_STAT_H 1
| #define HAVE_STDLIB_H 1
| #define HAVE_STRING_H 1
| #define HAVE_MEMORY_H 1
| #define HAVE_STRINGS_H 1
| #define HAVE_INTTYPES_H 1
| #define HAVE_STDINT_H 1
| #define HAVE_UNISTD_H 1
| #define SIZEOF_VOID_P 8
| #define LG_SIZEOF_PTR 3
| #define SIZEOF_INT 4
| #define LG_SIZEOF_INT 2
| #define SIZEOF_LONG 8
| #define LG_SIZEOF_LONG 3
| #define SIZEOF_LONG_LONG 8
| #define LG_SIZEOF_LONG_LONG 3
| #define SIZEOF_INTMAX_T 8
| #define LG_SIZEOF_INTMAX_T 3
| #define HAVE_CPU_SPINWAIT 1
| #define CPU_SPINWAIT __asm__ volatile("pause")
| #define LG_VADDR 48
| #define LG_VADDR 48
| #define JEMALLOC_PURGE_MADVISE_DONTNEED_ZEROS  
| #define JEMALLOC_HAS_ALLOCA_H  
| #define JEMALLOC_PROC_SYS_VM_OVERCOMMIT_MEMORY  
| #define JEMALLOC_THREADED_INIT  
| #define JEMALLOC_USE_CXX_THROW  
| #define HAVE_MALLOC_H 1
| #define JEMALLOC_USABLE_SIZE_CONST 
| #define JEMALLOC_HAVE_ATTR  
| #define JEMALLOC_HAVE_ATTR_ALLOC_SIZE  
| #define JEMALLOC_HAVE_ATTR_FORMAT_GNU_PRINTF  
| #define JEMALLOC_HAVE_ATTR_FORMAT_PRINTF  
| #define JEMALLOC_HAVE_ATTR_FORMAT_ARG  
| #define JEMALLOC_HAVE_ATTR_FALLTHROUGH  
| #define JEMALLOC_HAVE_ATTR_COLD  
| #define JEMALLOC_PREFIX "_rjem_"
| #define JEMALLOC_CPREFIX "_RJEM_"
| #define JEMALLOC_OVERRIDE_MEMALIGN  
| #define JEMALLOC_OVERRIDE_VALLOC  
| #define JEMALLOC_PRIVATE_NAMESPACE _rjem_je_
| #define JEMALLOC_CONFIG_MALLOC_CONF ""
| /* end confdefs.h.  */
| 
| 
| int
| main ()
| {
| 
|     return 0;
| 
|   ;
|   return 0;
| }
configure:10684: result: no
configure:10704: checking whether compiler supports -funroll-loops
configure:10735: cc -c -std=gnu11 -Wall -Wextra -Wsign-compare -Wundef -Wno-format-zero-length -Wpointer-arith -Wno-missing-braces -Wno-missing-field-initializers -Wno-missing-attributes -pipe -g3 -fvisibility=hidden -Wimplicit-fallthrough -O3 -funroll-loops -O0 -ffunction-sections -fdata-sections -fPIC -gdwarf-4 -fno-omit-frame-pointer -m64 -Wall -O0 -ffunction-sections -fdata-sections -fPIC -gdwarf-4 -fno-omit-frame-pointer -m64 -Wall -D_GNU_SOURCE conftest.c >&5
configure:10735: $? = 0
configure:10737: result: yes
configure:11329: checking configured backtracing method
configure:11331: result: N/A
configure:11368: checking for sbrk
configure:11368: cc -o conftest -std=gnu11 -Wall -Wextra -Wsign-compare -Wundef -Wno-format-zero-length -Wpointer-arith -Wno-missing-braces -Wno-missing-field-initializers -Wno-missing-attributes -pipe -g3 -fvisibility=hidden -Wimplicit-fallthrough -O3 -funroll-loops -O0 -ffunction-sections -fdata-sections -fPIC -gdwarf-4 -fno-omit-frame-pointer -m64 -Wall -O0 -ffunction-sections -fdata-sections -fPIC -gdwarf-4 -fno-omit-frame-pointer -m64 -Wall -D_GNU_SOURCE -O0 -ffunction-sections -fdata-sections -fPIC -gdwarf-4 -fno-omit-frame-pointer -m64 -Wall conftest.c -lm  >&5
configure:11368: $? = 0
configure:11368: result: yes
configure:11425: checking whether utrace(2) is compilable
configure:11449: cc -o conftest -std=gnu11 -Wall -Wextra -Wsign-compare -Wundef -Wno-format-zero-length -Wpointer-arith -Wno-missing-braces -Wno-missing-field-initializers -Wno-missing-attributes -pipe -g3 -fvisibility=hidden -Wimplicit-fallthrough -O3 -funroll-loops -O0 -ffunction-sections -fdata-sections -fPIC -gdwarf-4 -fno-omit-frame-pointer -m64 -Wall -O0 -ffunction-sections -fdata-sections -fPIC -gdwarf-4 -fno-omit-frame-pointer -m64 -Wall -D_GNU_SOURCE -O0 -ffunction-sections -fdata-sections -fPIC -gdwarf-4 -fno-omit-frame-pointer -m64 -Wall conftest.c -lm  >&5
conftest.c:64:10: fatal error: sys/ktrace.h: No such file or directory
   64 | #include <sys/ktrace.h>
      |          ^~~~~~~~~~~~~~
compilation terminated.
configure:11449: $? = 1
configure: failed program was:
| /* confdefs.h */
| #define PACKAGE_NAME ""
| #define PACKAGE_TARNAME ""
| #define PACKAGE_VERSION ""
| #define PACKAGE_STRING ""
| #define PACKAGE_BUGREPORT ""
| #define PACKAGE_URL ""
| #define JEMALLOC_HAS_RESTRICT
| #define STDC_HEADERS 1
| #define HAVE_SYS_TYPES_H 1
| #define HAVE_SYS_STAT_H 1
| #define HAVE_STDLIB_H 1
| #define HAVE_STRING_H 1
| #define HAVE_MEMORY_H 1
| #define HAVE_STRINGS_H 1
| #define HAVE_INTTYPES_H 1
| #define HAVE_STDINT_H 1
| #define HAVE_UNISTD_H 1
| #define SIZEOF_VOID_P 8
| #define LG_SIZEOF_PTR 3
| #define SIZEOF_INT 4
| #define LG_SIZEOF_INT 2
| #define SIZEOF_LONG 8
| #define LG_SIZEOF_LONG 3
| #define SIZEOF_LONG_LONG 8
| #define LG_SIZEOF_LONG_LONG 3
| #define SIZEOF_INTMAX_T 8
| #define LG_SIZEOF_INTMAX_T 3
| #define HAVE_CPU_SPINWAIT 1
| #define CPU_SPINWAIT __asm__ volatile("pause")
| #define LG_VADDR 48
| #define LG_VADDR 48
| #define JEMALLOC_PURGE_MADVISE_DONTNEED_ZEROS  
| #define JEMALLOC_HAS_ALLOCA_H  
| #define JEMALLOC_PROC_SYS_VM_OVERCOMMIT_MEMORY  
| #define JEMALLOC_THREADED_INIT  
| #define JEMALLOC_USE_CXX_THROW  
| #define HAVE_MALLOC_H 1
| #define JEMALLOC_USABLE_SIZE_CONST 
| #define JEMALLOC_HAVE_ATTR  
| #define JEMALLOC_HAVE_ATTR_ALLOC_SIZE  
| #define JEMALLOC_HAVE_ATTR_FORMAT_GNU_PRINTF  
| #define JEMALLOC_HAVE_ATTR_FORMAT_PRINTF  
| #define JEMALLOC_HAVE_ATTR_FORMAT_ARG  
| #define JEMALLOC_HAVE_ATTR_FALLTHROUGH  
| #define JEMALLOC_HAVE_ATTR_COLD  
| #define JEMALLOC_PREFIX "_rjem_"
| #define JEMALLOC_CPREFIX "_RJEM_"
| #define JEMALLOC_OVERRIDE_MEMALIGN  
| #define JEMALLOC_OVERRIDE_VALLOC  
| #define JEMALLOC_PRIVATE_NAMESPACE _rjem_je_
| #define JEMALLOC_CONFIG_MALLOC_CONF ""
| #define JEMALLOC_MAPS_COALESCE  
| #define JEMALLOC_RETAIN  
| #define JEMALLOC_ZERO_REALLOC_DEFAULT_FREE  
| #define JEMALLOC_DSS  
| #define JEMALLOC_FILL  
| /* end confdefs.h.  */
| 
| #include <sys/types.h>
| #include <sys/param.h>
| #include <sys/time.h>
| #include <sys/uio.h>
| #include <sys/ktrace.h>
| 
| int
| main ()
| {
| 
| 	utrace((void *)0, 0);
| 
|   ;
|   return 0;
| }
configure:11457: result: no
configure:11462: checking whether utrace(2) with label is compilable
configure:11486: cc -o conftest -std=gnu11 -Wall -Wextra -Wsign-compare -Wundef -Wno-format-zero-length -Wpointer-arith -Wno-missing-braces -Wno-missing-field-initializers -Wno-missing-attributes -pipe -g3 -fvisibility=hidden -Wimplicit-fallthrough -O3 -funroll-loops -O0 -ffunction-sections -fdata-sections -fPIC -gdwarf-4 -fno-omit-frame-pointer -m64 -Wall -O0 -ffunction-sections -fdata-sections -fPIC -gdwarf-4 -fno-omit-frame-pointer -m64 -Wall -D_GNU_SOURCE -O0 -ffunction-sections -fdata-sections -fPIC -gdwarf-4 -fno-omit-frame-pointer -m64 -Wall conftest.c -lm  >&5
conftest.c:64:12: fatal error: sys/ktrace.h: No such file or directory
   64 |   #include <sys/ktrace.h>
      |            ^~~~~~~~~~~~~~
compilation terminated.
configure:11486: $? = 1
configure: failed program was:
| /* confdefs.h */
| #define PACKAGE_NAME ""
| #define PACKAGE_TARNAME ""
| #define PACKAGE_VERSION ""
| #define PACKAGE_STRING ""
| #define PACKAGE_BUGREPORT ""
| #define PACKAGE_URL ""
| #define JEMALLOC_HAS_RESTRICT
| #define STDC_HEADERS 1
| #define HAVE_SYS_TYPES_H 1
| #define HAVE_SYS_STAT_H 1
| #define HAVE_STDLIB_H 1
| #define HAVE_STRING_H 1
| #define HAVE_MEMORY_H 1
| #define HAVE_STRINGS_H 1
| #define HAVE_INTTYPES_H 1
| #define HAVE_STDINT_H 1
| #define HAVE_UNISTD_H 1
| #define SIZEOF_VOID_P 8
| #define LG_SIZEOF_PTR 3
| #define SIZEOF_INT 4
| #define LG_SIZEOF_INT 2
| #define SIZEOF_LONG 8
| #define LG_SIZEOF_LONG 3
| #define SIZEOF_LONG_LONG 8
| #define LG_SIZEOF_LONG_LONG 3
| #define SIZEOF_INTMAX_T 8
| #define LG_SIZEOF_INTMAX_T 3
| #define HAVE_CPU_SPINWAIT 1
| #define CPU_SPINWAIT __asm__ volatile("pause")
| #define LG_VADDR 48
| #define LG_VADDR 48
| #define JEMALLOC_PURGE_MADVISE_DONTNEED_ZEROS  
| #define JEMALLOC_HAS_ALLOCA_H  
| #define JEMALLOC_PROC_SYS_VM_OVERCOMMIT_MEMORY  
| #define JEMALLOC_THREADED_INIT  
| #define JEMALLOC_USE_CXX_THROW  
| #define HAVE_MALLOC_H 1
| #define JEMALLOC_USABLE_SIZE_CONST 
| #define JEMALLOC_HAVE_ATTR  
| #define JEMALLOC_HAVE_ATTR_ALLOC_SIZE  
| #define JEMALLOC_HAVE_ATTR_FORMAT_GNU_PRINTF  
| #define JEMALLOC_HAVE_ATTR_FORMAT_PRINTF  
| #define JEMALLOC_HAVE_ATTR_FORMAT_ARG  
| #define JEMALLOC_HAVE_ATTR_FALLTHROUGH  
| #define JEMALLOC_HAVE_ATTR_COLD  
| #define JEMALLOC_PREFIX "_rjem_"
| #define JEMALLOC_CPREFIX "_RJEM_"
| #define JEMALLOC_OVERRIDE_MEMALIGN  
| #define JEMALLOC_OVERRIDE_VALLOC  
| #define JEMALLOC_PRIVATE_NAMESPACE _rjem_je_
| #define JEMALLOC_CONFIG_MALLOC_CONF ""
| #define JEMALLOC_MAPS_COALESCE  
| #define JEMALLOC_RETAIN  
| #define JEMALLOC_ZERO_REALLOC_DEFAULT_FREE  
| #define JEMALLOC_DSS  
| #define JEMALLOC_FILL  
| /* end confdefs.h.  */
| 
|   #include <sys/types.h>
|   #include <sys/param.h>
|   #include <sys/time.h>
|   #include <sys/uio.h>
|   #include <sys/ktrace.h>
| 
| int
| main ()
| {
| 
| 	  utrace((void *)0, (void *)0, 0);
| 
|   ;
|   return 0;
| }
configure:11494: result: no
configure:11654: checking whether a program using __builtin_unreachable is compilable
configure:11678: cc -o conftest -std=gnu11 -Wall -Wextra -Wsign-compare -Wundef -Wno-format-zero-length -Wpointer-arith -Wno-missing-braces -Wno-missing-field-initializers -Wno-missing-attributes -pipe -g3 -fvisibility=hidden -Wimplicit-fallthrough -O3 -funroll-loops -O0 -ffunction-sections -fdata-sections -fPIC -gdwarf-4 -fno-omit-frame-pointer -m64 -Wall -O0 -ffunction-sections -fdata-sections -fPIC -gdwarf-4 -fno-omit-frame-pointer -m64 -Wall -D_GNU_SOURCE -O0 -ffunction-sections -fdata-sections -fPIC -gdwarf-4 -fno-omit-frame-pointer -m64 -Wall conftest.c -lm  >&5
configure:11678: $? = 0
configure:11686: result: yes
configure:11700: checking whether a program using __builtin_ffsl is compilable
configure:11725: cc -o conftest -std=gnu11 -Wall -Wextra -Wsign-compare -Wundef -Wno-format-zero-length -Wpointer-arith -Wno-missing-braces -Wno-missing-field-initializers -Wno-missing-attributes -pipe -g3 -fvisibility=hidden -Wimplicit-fallthrough -O3 -funroll-loops -O0 -ffunction-sections -fdata-sections -fPIC -gdwarf-4 -fno-omit-frame-pointer -m64 -Wall -O0 -ffunction-sections -fdata-sections -fPIC -gdwarf-4 -fno-omit-frame-pointer -m64 -Wall -D_GNU_SOURCE -O0 -ffunction-sections -fdata-sections -fPIC -gdwarf-4 -fno-omit-frame-pointer -m64 -Wall conftest.c -lm  >&5
configure:11725: $? = 0
configure:11733: result: yes
configure:11800: checking whether a program using __builtin_popcountl is compilable
configure:11825: cc -o conftest -std=gnu11 -Wall -Wextra -Wsign-compare -Wundef -Wno-format-zero-length -Wpointer-arith -Wno-missing-braces -Wno-missing-field-initializers -Wno-missing-attributes -pipe -g3 -fvisibility=hidden -Wimplicit-fallthrough -O3 -funroll-loops -O0 -ffunction-sections -fdata-sections -fPIC -gdwarf-4 -fno-omit-frame-pointer -m64 -Wall -O0 -ffunction-sections -fdata-sections -fPIC -gdwarf-4 -fno-omit-frame-pointer -m64 -Wall -D_GNU_SOURCE -O0 -ffunction-sections -fdata-sections -fPIC -gdwarf-4 -fno-omit-frame-pointer -m64 -Wall conftest.c -lm  >&5
configure:11825: $? = 0
configure:11833: result: yes
configure:11894: checking LG_PAGE
configure:11945: cc -o conftest -std=gnu11 -Wall -Wextra -Wsign-compare -Wundef -Wno-format-zero-length -Wpointer-arith -Wno-missing-braces -Wno-missing-field-initializers -Wno-missing-attributes -pipe -g3 -fvisibility=hidden -Wimplicit-fallthrough -O3 -funroll-loops -O0 -ffunction-sections -fdata-sections -fPIC -gdwarf-4 -fno-omit-frame-pointer -m64 -Wall -O0 -ffunction-sections -fdata-sections -fPIC -gdwarf-4 -fno-omit-frame-pointer -m64 -Wall -D_GNU_SOURCE -O0 -ffunction-sections -fdata-sections -fPIC -gdwarf-4 -fno-omit-frame-pointer -m64 -Wall conftest.c -lm  >&5
configure:11945: $? = 0
configure:11945: ./conftest
configure:11945: $? = 0
configure:11955: result: 12
configure:12029: checking pthread.h usability
configure:12029: cc -c -std=gnu11 -Wall -Wextra -Wsign-compare -Wundef -Wno-format-zero-length -Wpointer-arith -Wno-missing-braces -Wno-missing-field-initializers -Wno-missing-attributes -pipe -g3 -fvisibility=hidden -Wimplicit-fallthrough -O3 -funroll-loops -O0 -ffunction-sections -fdata-sections -fPIC -gdwarf-4 -fno-omit-frame-pointer -m64 -Wall -O0 -ffunction-sections -fdata-sections -fPIC -gdwarf-4 -fno-omit-frame-pointer -m64 -Wall -D_GNU_SOURCE conftest.c >&5
configure:12029: $? = 0
configure:12029: result: yes
configure:12029: checking pthread.h presence
configure:12029: cc -E -O0 -ffunction-sections -fdata-sections -fPIC -gdwarf-4 -fno-omit-frame-pointer -m64 -Wall -D_GNU_SOURCE conftest.c
configure:12029: $? = 0
configure:12029: result: yes
configure:12029: checking for pthread.h
configure:12029: result: yes
configure:12041: checking for pthread_create in -lpthread
configure:12066: cc -o conftest -std=gnu11 -Wall -Wextra -Wsign-compare -Wundef -Wno-format-zero-length -Wpointer-arith -Wno-missing-braces -Wno-missing-field-initializers -Wno-missing-attributes -pipe -g3 -fvisibility=hidden -Wimplicit-fallthrough -O3 -funroll-loops -O0 -ffunction-sections -fdata-sections -fPIC -gdwarf-4 -fno-omit-frame-pointer -m64 -Wall -O0 -ffunction-sections -fdata-sections -fPIC -gdwarf-4 -fno-omit-frame-pointer -m64 -Wall -D_GNU_SOURCE -O0 -ffunction-sections -fdata-sections -fPIC -gdwarf-4 -fno-omit-frame-pointer -m64 -Wall conftest.c -lpthread  -lm  >&5
configure:12066: $? = 0
configure:12075: result: yes
configure:12154: checking dlfcn.h usability
configure:12154: cc -c -std=gnu11 -Wall -Wextra -Wsign-compare -Wundef -Wno-format-zero-length -Wpointer-arith -Wno-missing-braces -Wno-missing-field-initializers -Wno-missing-attributes -pipe -g3 -fvisibility=hidden -Wimplicit-fallthrough -O3 -funroll-loops -O0 -ffunction-sections -fdata-sections -fPIC -gdwarf-4 -fno-omit-frame-pointer -m64 -Wall -O0 -ffunction-sections -fdata-sections -fPIC -gdwarf-4 -fno-omit-frame-pointer -m64 -Wall -D_GNU_SOURCE conftest.c >&5
configure:12154: $? = 0
configure:12154: result: yes
configure:12154: checking dlfcn.h presence
configure:12154: cc -E -O0 -ffunction-sections -fdata-sections -fPIC -gdwarf-4 -fno-omit-frame-pointer -m64 -Wall -D_GNU_SOURCE conftest.c
configure:12154: $? = 0
configure:12154: result: yes
configure:12154: checking for dlfcn.h
configure:12154: result: yes
configure:12159: checking for dlsym
configure:12159: cc -o conftest -std=gnu11 -Wall -Wextra -Wsign-compare -Wundef -Wno-format-zero-length -Wpointer-arith -Wno-missing-braces -Wno-missing-field-initializers -Wno-missing-attributes -pipe -g3 -fvisibility=hidden -Wimplicit-fallthrough -O3 -funroll-loops -O0 -ffunction-sections -fdata-sections -fPIC -gdwarf-4 -fno-omit-frame-pointer -m64 -Wall -O0 -ffunction-sections -fdata-sections -fPIC -gdwarf-4 -fno-omit-frame-pointer -m64 -Wall -D_GNU_SOURCE -O0 -ffunction-sections -fdata-sections -fPIC -gdwarf-4 -fno-omit-frame-pointer -m64 -Wall conftest.c -lm  -pthread >&5
configure:12159: $? = 0
configure:12159: result: yes
configure:12223: checking whether pthread_atfork(3) is compilable
configure:12243: cc -o conftest -std=gnu11 -Wall -Wextra -Wsign-compare -Wundef -Wno-format-zero-length -Wpointer-arith -Wno-missing-braces -Wno-missing-field-initializers -Wno-missing-attributes -pipe -g3 -fvisibility=hidden -Wimplicit-fallthrough -O3 -funroll-loops -O0 -ffunction-sections -fdata-sections -fPIC -gdwarf-4 -fno-omit-frame-pointer -m64 -Wall -O0 -ffunction-sections -fdata-sections -fPIC -gdwarf-4 -fno-omit-frame-pointer -m64 -Wall -D_GNU_SOURCE -O0 -ffunction-sections -fdata-sections -fPIC -gdwarf-4 -fno-omit-frame-pointer -m64 -Wall conftest.c -lm  -pthread >&5
configure:12243: $? = 0
configure:12251: result: yes
configure:12260: checking whether pthread_setname_np(3) is compilable
configure:12280: cc -o conftest -std=gnu11 -Wall -Wextra -Wsign-compare -Wundef -Wno-format-zero-length -Wpointer-arith -Wno-missing-braces -Wno-missing-field-initializers -Wno-missing-attributes -pipe -g3 -fvisibility=hidden -Wimplicit-fallthrough -O3 -funroll-loops -O0 -ffunction-sections -fdata-sections -fPIC -gdwarf-4 -fno-omit-frame-pointer -m64 -Wall -O0 -ffunction-sections -fdata-sections -fPIC -gdwarf-4 -fno-omit-frame-pointer -m64 -Wall -D_GNU_SOURCE -O0 -ffunction-sections -fdata-sections -fPIC -gdwarf-4 -fno-omit-frame-pointer -m64 -Wall conftest.c -lm  -pthread >&5
configure:12280: $? = 0
configure:12288: result: yes
configure:12297: checking whether pthread_getname_np(3) is compilable
configure:12322: cc -o conftest -std=gnu11 -Wall -Wextra -Wsign-compare -Wundef -Wno-format-zero-length -Wpointer-arith -Wno-missing-braces -Wno-missing-field-initializers -Wno-missing-attributes -pipe -g3 -fvisibility=hidden -Wimplicit-fallthrough -O3 -funroll-loops -O0 -ffunction-sections -fdata-sections -fPIC -gdwarf-4 -fno-omit-frame-pointer -m64 -Wall -O0 -ffunction-sections -fdata-sections -fPIC -gdwarf-4 -fno-omit-frame-pointer -m64 -Wall -D_GNU_SOURCE -O0 -ffunction-sections -fdata-sections -fPIC -gdwarf-4 -fno-omit-frame-pointer -m64 -Wall conftest.c -lm  -pthread >&5
configure:12322: $? = 0
configure:12330: result: yes
configure:12339: checking whether pthread_get_name_np(3) is compilable
configure:12365: cc -o conftest -std=gnu11 -Wall -Wextra -Wsign-compare -Wundef -Wno-format-zero-length -Wpointer-arith -Wno-missing-braces -Wno-missing-field-initializers -Wno-missing-attributes -pipe -g3 -fvisibility=hidden -Wimplicit-fallthrough -O3 -funroll-loops -O0 -ffunction-sections -fdata-sections -fPIC -gdwarf-4 -fno-omit-frame-pointer -m64 -Wall -O0 -ffunction-sections -fdata-sections -fPIC -gdwarf-4 -fno-omit-frame-pointer -m64 -Wall -D_GNU_SOURCE -O0 -ffunction-sections -fdata-sections -fPIC -gdwarf-4 -fno-omit-frame-pointer -m64 -Wall conftest.c -lm  -pthread >&5
conftest.c:78:10: fatal error: pthread_np.h: No such file or directory
   78 | #include <pthread_np.h>
      |          ^~~~~~~~~~~~~~
compilation terminated.
configure:12365: $? = 1
configure: failed program was:
| /* confdefs.h */
| #define PACKAGE_NAME ""
| #define PACKAGE_TARNAME ""
| #define PACKAGE_VERSION ""
| #define PACKAGE_STRING ""
| #define PACKAGE_BUGREPORT ""
| #define PACKAGE_URL ""
| #define JEMALLOC_HAS_RESTRICT
| #define STDC_HEADERS 1
| #define HAVE_SYS_TYPES_H 1
| #define HAVE_SYS_STAT_H 1
| #define HAVE_STDLIB_H 1
| #define HAVE_STRING_H 1
| #define HAVE_MEMORY_H 1
| #define HAVE_STRINGS_H 1
| #define HAVE_INTTYPES_H 1
| #define HAVE_STDINT_H 1
| #define HAVE_UNISTD_H 1
| #define SIZEOF_VOID_P 8
| #define LG_SIZEOF_PTR 3
| #define SIZEOF_INT 4
| #define LG_SIZEOF_INT 2
| #define SIZEOF_LONG 8
| #define LG_SIZEOF_LONG 3
| #define SIZEOF_LONG_LONG 8
| #define LG_SIZEOF_LONG_LONG 3
| #define SIZEOF_INTMAX_T 8
| #define LG_SIZEOF_INTMAX_T 3
| #define HAVE_CPU_SPINWAIT 1
| #define CPU_SPINWAIT __asm__ volatile("pause")
| #define LG_VADDR 48
| #define LG_VADDR 48
| #define JEMALLOC_PURGE_MADVISE_DONTNEED_ZEROS  
| #define JEMALLOC_HAS_ALLOCA_H  
| #define JEMALLOC_PROC_SYS_VM_OVERCOMMIT_MEMORY  
| #define JEMALLOC_THREADED_INIT  
| #define JEMALLOC_USE_CXX_THROW  
| #define HAVE_MALLOC_H 1
| #define JEMALLOC_USABLE_SIZE_CONST 
| #define JEMALLOC_HAVE_ATTR  
| #define JEMALLOC_HAVE_ATTR_ALLOC_SIZE  
| #define JEMALLOC_HAVE_ATTR_FORMAT_GNU_PRINTF  
| #define JEMALLOC_HAVE_ATTR_FORMAT_PRINTF  
| #define JEMALLOC_HAVE_ATTR_FORMAT_ARG  
| #define JEMALLOC_HAVE_ATTR_FALLTHROUGH  
| #define JEMALLOC_HAVE_ATTR_COLD  
| #define JEMALLOC_PREFIX "_rjem_"
| #define JEMALLOC_CPREFIX "_RJEM_"
| #define JEMALLOC_OVERRIDE_MEMALIGN  
| #define JEMALLOC_OVERRIDE_VALLOC  
| #define JEMALLOC_PRIVATE_NAMESPACE _rjem_je_
| #define JEMALLOC_CONFIG_MALLOC_CONF ""
| #define JEMALLOC_MAPS_COALESCE  
| #define JEMALLOC_RETAIN  
| #define JEMALLOC_ZERO_REALLOC_DEFAULT_FREE  
| #define JEMALLOC_DSS  
| #define JEMALLOC_FILL  
| #define JEMALLOC_CACHE_OBLIVIOUS  
| #define JEMALLOC_INTERNAL_UNREACHABLE __builtin_unreachable
| #define JEMALLOC_INTERNAL_FFSLL __builtin_ffsll
| #define JEMALLOC_INTERNAL_FFSL __builtin_ffsl
| #define JEMALLOC_INTERNAL_FFS __builtin_ffs
| #define JEMALLOC_INTERNAL_POPCOUNT __builtin_popcount
| #define JEMALLOC_INTERNAL_POPCOUNTL __builtin_popcountl
| #define JEMALLOC_INTERNAL_POPCOUNTLL __builtin_popcountll
| #define LG_PAGE 12
| #define LG_HUGEPAGE 21
| #define JEMALLOC_HAVE_PTHREAD  
| #define HAVE_PTHREAD_H 1
| #define HAVE_DLFCN_H 1
| #define JEMALLOC_HAVE_DLSYM  
| #define JEMALLOC_HAVE_PTHREAD_ATFORK  
| #define JEMALLOC_HAVE_PTHREAD_SETNAME_NP  
| #define JEMALLOC_HAVE_PTHREAD_GETNAME_NP  
| /* end confdefs.h.  */
| 
| #include <pthread.h>
| #include <pthread_np.h>
| #include <stdlib.h>
| 
| int
| main ()
| {
| 
|   {
|   	char *name = malloc(16);
|   	pthread_get_name_np(pthread_self(), name, 16);
| 	free(name);
|   }
| 
|   ;
|   return 0;
| }
configure:12373: result: no
configure:12392: checking for library containing clock_gettime
configure:12423: cc -o conftest -std=gnu11 -Wall -Wextra -Wsign-compare -Wundef -Wno-format-zero-length -Wpointer-arith -Wno-missing-braces -Wno-missing-field-initializers -Wno-missing-attributes -pipe -g3 -fvisibility=hidden -Wimplicit-fallthrough -O3 -funroll-loops -O0 -ffunction-sections -fdata-sections -fPIC -gdwarf-4 -fno-omit-frame-pointer -m64 -Wall -O0 -ffunction-sections -fdata-sections -fPIC -gdwarf-4 -fno-omit-frame-pointer -m64 -Wall -D_GNU_SOURCE -D_REENTRANT -O0 -ffunction-sections -fdata-sections -fPIC -gdwarf-4 -fno-omit-frame-pointer -m64 -Wall conftest.c -lm  -pthread >&5
configure:12423: $? = 0
configure:12440: result: none required
configure:12575: checking whether clock_gettime(CLOCK_MONOTONIC_COARSE, ...) is compilable
configure:12597: cc -o conftest -std=gnu11 -Wall -Wextra -Wsign-compare -Wundef -Wno-format-zero-length -Wpointer-arith -Wno-missing-braces -Wno-missing-field-initializers -Wno-missing-attributes -pipe -g3 -fvisibility=hidden -Wimplicit-fallthrough -O3 -funroll-loops -O0 -ffunction-sections -fdata-sections -fPIC -gdwarf-4 -fno-omit-frame-pointer -m64 -Wall -O0 -ffunction-sections -fdata-sections -fPIC -gdwarf-4 -fno-omit-frame-pointer -m64 -Wall -D_GNU_SOURCE -D_REENTRANT -O0 -ffunction-sections -fdata-sections -fPIC -gdwarf-4 -fno-omit-frame-pointer -m64 -Wall conftest.c -lm  -pthread >&5
configure:12597: $? = 0
configure:12605: result: yes
configure:12615: checking whether clock_gettime(CLOCK_MONOTONIC, ...) is compilable
configure:12641: cc -o conftest -std=gnu11 -Wall -Wextra -Wsign-compare -Wundef -Wno-format-zero-length -Wpointer-arith -Wno-missing-braces -Wno-missing-field-initializers -Wno-missing-attributes -pipe -g3 -fvisibility=hidden -Wimplicit-fallthrough -O3 -funroll-loops -O0 -ffunction-sections -fdata-sections -fPIC -gdwarf-4 -fno-omit-frame-pointer -m64 -Wall -O0 -ffunction-sections -fdata-sections -fPIC -gdwarf-4 -fno-omit-frame-pointer -m64 -Wall -D_GNU_SOURCE -D_REENTRANT -O0 -ffunction-sections -fdata-sections -fPIC -gdwarf-4 -fno-omit-frame-pointer -m64 -Wall conftest.c -lm  -pthread >&5
configure:12641: $? = 0
configure:12649: result: yes
configure:12659: checking whether mach_absolute_time() is compilable
configure:12679: cc -o conftest -std=gnu11 -Wall -Wextra -Wsign-compare -Wundef -Wno-format-zero-length -Wpointer-arith -Wno-missing-braces -Wno-missing-field-initializers -Wno-missing-attributes -pipe -g3 -fvisibility=hidden -Wimplicit-fallthrough -O3 -funroll-loops -O0 -ffunction-sections -fdata-sections -fPIC -gdwarf-4 -fno-omit-frame-pointer -m64 -Wall -O0 -ffunction-sections -fdata-sections -fPIC -gdwarf-4 -fno-omit-frame-pointer -m64 -Wall -D_GNU_SOURCE -D_REENTRANT -O0 -ffunction-sections -fdata-sections -fPIC -gdwarf-4 -fno-omit-frame-pointer -m64 -Wall conftest.c -lm  -pthread >&5
conftest.c:79:10: fatal error: mach/mach_time.h: No such file or directory
   79 | #include <mach/mach_time.h>
      |          ^~~~~~~~~~~~~~~~~~
compilation terminated.
configure:12679: $? = 1
configure: failed program was:
| /* confdefs.h */
| #define PACKAGE_NAME ""
| #define PACKAGE_TARNAME ""
| #define PACKAGE_VERSION ""
| #define PACKAGE_STRING ""
| #define PACKAGE_BUGREPORT ""
| #define PACKAGE_URL ""
| #define JEMALLOC_HAS_RESTRICT
| #define STDC_HEADERS 1
| #define HAVE_SYS_TYPES_H 1
| #define HAVE_SYS_STAT_H 1
| #define HAVE_STDLIB_H 1
| #define HAVE_STRING_H 1
| #define HAVE_MEMORY_H 1
| #define HAVE_STRINGS_H 1
| #define HAVE_INTTYPES_H 1
| #define HAVE_STDINT_H 1
| #define HAVE_UNISTD_H 1
| #define SIZEOF_VOID_P 8
| #define LG_SIZEOF_PTR 3
| #define SIZEOF_INT 4
| #define LG_SIZEOF_INT 2
| #define SIZEOF_LONG 8
| #define LG_SIZEOF_LONG 3
| #define SIZEOF_LONG_LONG 8
| #define LG_SIZEOF_LONG_LONG 3
| #define SIZEOF_INTMAX_T 8
| #define LG_SIZEOF_INTMAX_T 3
| #define HAVE_CPU_SPINWAIT 1
| #define CPU_SPINWAIT __asm__ volatile("pause")
| #define LG_VADDR 48
| #define LG_VADDR 48
| #define JEMALLOC_PURGE_MADVISE_DONTNEED_ZEROS  
| #define JEMALLOC_HAS_ALLOCA_H  
| #define JEMALLOC_PROC_SYS_VM_OVERCOMMIT_MEMORY  
| #define JEMALLOC_THREADED_INIT  
| #define JEMALLOC_USE_CXX_THROW  
| #define HAVE_MALLOC_H 1
| #define JEMALLOC_USABLE_SIZE_CONST 
| #define JEMALLOC_HAVE_ATTR  
| #define JEMALLOC_HAVE_ATTR_ALLOC_SIZE  
| #define JEMALLOC_HAVE_ATTR_FORMAT_GNU_PRINTF  
| #define JEMALLOC_HAVE_ATTR_FORMAT_PRINTF  
| #define JEMALLOC_HAVE_ATTR_FORMAT_ARG  
| #define JEMALLOC_HAVE_ATTR_FALLTHROUGH  
| #define JEMALLOC_HAVE_ATTR_COLD  
| #define JEMALLOC_PREFIX "_rjem_"
| #define JEMALLOC_CPREFIX "_RJEM_"
| #define JEMALLOC_OVERRIDE_MEMALIGN  
| #define JEMALLOC_OVERRIDE_VALLOC  
| #define JEMALLOC_PRIVATE_NAMESPACE _rjem_je_
| #define JEMALLOC_CONFIG_MALLOC_CONF ""
| #define JEMALLOC_MAPS_COALESCE  
| #define JEMALLOC_RETAIN  
| #define JEMALLOC_ZERO_REALLOC_DEFAULT_FREE  
| #define JEMALLOC_DSS  
| #define JEMALLOC_FILL  
| #define JEMALLOC_CACHE_OBLIVIOUS  
| #define JEMALLOC_INTERNAL_UNREACHABLE __builtin_unreachable
| #define JEMALLOC_INTERNAL_FFSLL __builtin_ffsll
| #define JEMALLOC_INTERNAL_FFSL __builtin_ffsl
| #define JEMALLOC_INTERNAL_FFS __builtin_ffs
| #define JEMALLOC_INTERNAL_POPCOUNT __builtin_popcount
| #define JEMALLOC_INTERNAL_POPCOUNTL __builtin_popcountl
| #define JEMALLOC_INTERNAL_POPCOUNTLL __builtin_popcountll
| #define LG_PAGE 12
| #define LG_HUGEPAGE 21
| #define JEMALLOC_HAVE_PTHREAD  
| #define HAVE_PTHREAD_H 1
| #define HAVE_DLFCN_H 1
| #define JEMALLOC_HAVE_DLSYM  
| #define JEMALLOC_HAVE_PTHREAD_ATFORK  
| #define JEMALLOC_HAVE_PTHREAD_SETNAME_NP  
| #define JEMALLOC_HAVE_PTHREAD_GETNAME_NP  
| #define JEMALLOC_HAVE_CLOCK_MONOTONIC_COARSE  
| #define JEMALLOC_HAVE_CLOCK_MONOTONIC  
| /* end confdefs.h.  */
| 
| #include <mach/mach_time.h>
| 
| int
| main ()
| {
| 
| 	mach_absolute_time();
| 
|   ;
|   return 0;
| }
configure:12687: result: no
configure:12697: checking whether clock_gettime(CLOCK_REALTIME, ...) is compilable
configure:12719: cc -o conftest -std=gnu11 -Wall -Wextra -Wsign-compare -Wundef -Wno-format-zero-length -Wpointer-arith -Wno-missing-braces -Wno-missing-field-initializers -Wno-missing-attributes -pipe -g3 -fvisibility=hidden -Wimplicit-fallthrough -O3 -funroll-loops -O0 -ffunction-sections -fdata-sections -fPIC -gdwarf-4 -fno-omit-frame-pointer -m64 -Wall -O0 -ffunction-sections -fdata-sections -fPIC -gdwarf-4 -fno-omit-frame-pointer -m64 -Wall -D_GNU_SOURCE -D_REENTRANT -O0 -ffunction-sections -fdata-sections -fPIC -gdwarf-4 -fno-omit-frame-pointer -m64 -Wall conftest.c -lm  -pthread >&5
configure:12719: $? = 0
configure:12727: result: yes
configure:12753: checking whether compiler supports -Werror
configure:12784: cc -c -std=gnu11 -Wall -Wextra -Wsign-compare -Wundef -Wno-format-zero-length -Wpointer-arith -Wno-missing-braces -Wno-missing-field-initializers -Wno-missing-attributes -pipe -g3 -fvisibility=hidden -Wimplicit-fallthrough -O3 -funroll-loops -Werror -O0 -ffunction-sections -fdata-sections -fPIC -gdwarf-4 -fno-omit-frame-pointer -m64 -Wall -O0 -ffunction-sections -fdata-sections -fPIC -gdwarf-4 -fno-omit-frame-pointer -m64 -Wall -D_GNU_SOURCE -D_REENTRANT conftest.c >&5
configure:12784: $? = 0
configure:12786: result: yes
configure:12804: checking whether syscall(2) is compilable
configure:12825: cc -o conftest -std=gnu11 -Wall -Wextra -Wsign-compare -Wundef -Wno-format-zero-length -Wpointer-arith -Wno-missing-braces -Wno-missing-field-initializers -Wno-missing-attributes -pipe -g3 -fvisibility=hidden -Wimplicit-fallthrough -O3 -funroll-loops -Werror -O0 -ffunction-sections -fdata-sections -fPIC -gdwarf-4 -fno-omit-frame-pointer -m64 -Wall -O0 -ffunction-sections -fdata-sections -fPIC -gdwarf-4 -fno-omit-frame-pointer -m64 -Wall -D_GNU_SOURCE -D_REENTRANT -O0 -ffunction-sections -fdata-sections -fPIC -gdwarf-4 -fno-omit-frame-pointer -m64 -Wall conftest.c -lm  -pthread >&5
configure:12825: $? = 0
configure:12833: result: yes
configure:12851: checking for secure_getenv
configure:12851: cc -o conftest -std=gnu11 -Wall -Wextra -Wsign-compare -Wundef -Wno-format-zero-length -Wpointer-arith -Wno-missing-braces -Wno-missing-field-initializers -Wno-missing-attributes -pipe -g3 -fvisibility=hidden -Wimplicit-fallthrough -O3 -funroll-loops -O0 -ffunction-sections -fdata-sections -fPIC -gdwarf-4 -fno-omit-frame-pointer -m64 -Wall -O0 -ffunction-sections -fdata-sections -fPIC -gdwarf-4 -fno-omit-frame-pointer -m64 -Wall -D_GNU_SOURCE -D_REENTRANT -O0 -ffunction-sections -fdata-sections -fPIC -gdwarf-4 -fno-omit-frame-pointer -m64 -Wall conftest.c -lm  -pthread >&5
configure:12851: $? = 0
configure:12851: result: yes
configure:12865: checking for sched_getcpu
configure:12865: cc -o conftest -std=gnu11 -Wall -Wextra -Wsign-compare -Wundef -Wno-format-zero-length -Wpointer-arith -Wno-missing-braces -Wno-missing-field-initializers -Wno-missing-attributes -pipe -g3 -fvisibility=hidden -Wimplicit-fallthrough -O3 -funroll-loops -O0 -ffunction-sections -fdata-sections -fPIC -gdwarf-4 -fno-omit-frame-pointer -m64 -Wall -O0 -ffunction-sections -fdata-sections -fPIC -gdwarf-4 -fno-omit-frame-pointer -m64 -Wall -D_GNU_SOURCE -D_REENTRANT -O0 -ffunction-sections -fdata-sections -fPIC -gdwarf-4 -fno-omit-frame-pointer -m64 -Wall conftest.c -lm  -pthread >&5
configure:12865: $? = 0
configure:12865: result: yes
configure:12879: checking for sched_setaffinity
configure:12879: cc -o conftest -std=gnu11 -Wall -Wextra -Wsign-compare -Wundef -Wno-format-zero-length -Wpointer-arith -Wno-missing-braces -Wno-missing-field-initializers -Wno-missing-attributes -pipe -g3 -fvisibility=hidden -Wimplicit-fallthrough -O3 -funroll-loops -O0 -ffunction-sections -fdata-sections -fPIC -gdwarf-4 -fno-omit-frame-pointer -m64 -Wall -O0 -ffunction-sections -fdata-sections -fPIC -gdwarf-4 -fno-omit-frame-pointer -m64 -Wall -D_GNU_SOURCE -D_REENTRANT -O0 -ffunction-sections -fdata-sections -fPIC -gdwarf-4 -fno-omit-frame-pointer -m64 -Wall conftest.c -lm  -pthread >&5
configure:12879: $? = 0
configure:12879: result: yes
configure:12893: checking for issetugid
configure:12893: cc -o conftest -std=gnu11 -Wall -Wextra -Wsign-compare -Wundef -Wno-format-zero-length -Wpointer-arith -Wno-missing-braces -Wno-missing-field-initializers -Wno-missing-attributes -pipe -g3 -fvisibility=hidden -Wimplicit-fallthrough -O3 -funroll-loops -O0 -ffunction-sections -fdata-sections -fPIC -gdwarf-4 -fno-omit-frame-pointer -m64 -Wall -O0 -ffunction-sections -fdata-sections -fPIC -gdwarf-4 -fno-omit-frame-pointer -m64 -Wall -D_GNU_SOURCE -D_REENTRANT -O0 -ffunction-sections -fdata-sections -fPIC -gdwarf-4 -fno-omit-frame-pointer -m64 -Wall conftest.c -lm  -pthread >&5
/usr/bin/ld: /home/runner/work/buckal_workspace/buckal_workspace/test/3rd/fd/buck-out/v2/tmp/root/e51fa9e9ecb67d13/buildscript/ccfYTioy.o: in function `main':
/home/runner/work/buckal_workspace/buckal_workspace/test/3rd/fd/buck-out/v2/gen/root/fecc77911dff3f64/third-party/rust/crates/tikv-jemalloc-sys/0.6.0+5.3.0-1-ge13ca993e8ccb9ba9847cc330696e02839f328f7/__tikv-jemalloc-sys-build-script-run__/OUT_DIR/build/conftest.c:117:(.text.main+0xe): undefined reference to `issetugid'
collect2: error: ld returned 1 exit status
configure:12893: $? = 1
configure: failed program was:
| /* confdefs.h */
| #define PACKAGE_NAME ""
| #define PACKAGE_TARNAME ""
| #define PACKAGE_VERSION ""
| #define PACKAGE_STRING ""
| #define PACKAGE_BUGREPORT ""
| #define PACKAGE_URL ""
| #define JEMALLOC_HAS_RESTRICT
| #define STDC_HEADERS 1
| #define HAVE_SYS_TYPES_H 1
| #define HAVE_SYS_STAT_H 1
| #define HAVE_STDLIB_H 1
| #define HAVE_STRING_H 1
| #define HAVE_MEMORY_H 1
| #define HAVE_STRINGS_H 1
| #define HAVE_INTTYPES_H 1
| #define HAVE_STDINT_H 1
| #define HAVE_UNISTD_H 1
| #define SIZEOF_VOID_P 8
| #define LG_SIZEOF_PTR 3
| #define SIZEOF_INT 4
| #define LG_SIZEOF_INT 2
| #define SIZEOF_LONG 8
| #define LG_SIZEOF_LONG 3
| #define SIZEOF_LONG_LONG 8
| #define LG_SIZEOF_LONG_LONG 3
| #define SIZEOF_INTMAX_T 8
| #define LG_SIZEOF_INTMAX_T 3
| #define HAVE_CPU_SPINWAIT 1
| #define CPU_SPINWAIT __asm__ volatile("pause")
| #define LG_VADDR 48
| #define LG_VADDR 48
| #define JEMALLOC_PURGE_MADVISE_DONTNEED_ZEROS  
| #define JEMALLOC_HAS_ALLOCA_H  
| #define JEMALLOC_PROC_SYS_VM_OVERCOMMIT_MEMORY  
| #define JEMALLOC_THREADED_INIT  
| #define JEMALLOC_USE_CXX_THROW  
| #define HAVE_MALLOC_H 1
| #define JEMALLOC_USABLE_SIZE_CONST 
| #define JEMALLOC_HAVE_ATTR  
| #define JEMALLOC_HAVE_ATTR_ALLOC_SIZE  
| #define JEMALLOC_HAVE_ATTR_FORMAT_GNU_PRINTF  
| #define JEMALLOC_HAVE_ATTR_FORMAT_PRINTF  
| #define JEMALLOC_HAVE_ATTR_FORMAT_ARG  
| #define JEMALLOC_HAVE_ATTR_FALLTHROUGH  
| #define JEMALLOC_HAVE_ATTR_COLD  
| #define JEMALLOC_PREFIX "_rjem_"
| #define JEMALLOC_CPREFIX "_RJEM_"
| #define JEMALLOC_OVERRIDE_MEMALIGN  
| #define JEMALLOC_OVERRIDE_VALLOC  
| #define JEMALLOC_PRIVATE_NAMESPACE _rjem_je_
| #define JEMALLOC_CONFIG_MALLOC_CONF ""
| #define JEMALLOC_MAPS_COALESCE  
| #define JEMALLOC_RETAIN  
| #define JEMALLOC_ZERO_REALLOC_DEFAULT_FREE  
| #define JEMALLOC_DSS  
| #define JEMALLOC_FILL  
| #define JEMALLOC_CACHE_OBLIVIOUS  
| #define JEMALLOC_INTERNAL_UNREACHABLE __builtin_unreachable
| #define JEMALLOC_INTERNAL_FFSLL __builtin_ffsll
| #define JEMALLOC_INTERNAL_FFSL __builtin_ffsl
| #define JEMALLOC_INTERNAL_FFS __builtin_ffs
| #define JEMALLOC_INTERNAL_POPCOUNT __builtin_popcount
| #define JEMALLOC_INTERNAL_POPCOUNTL __builtin_popcountl
| #define JEMALLOC_INTERNAL_POPCOUNTLL __builtin_popcountll
| #define LG_PAGE 12
| #define LG_HUGEPAGE 21
| #define JEMALLOC_HAVE_PTHREAD  
| #define HAVE_PTHREAD_H 1
| #define HAVE_DLFCN_H 1
| #define JEMALLOC_HAVE_DLSYM  
| #define JEMALLOC_HAVE_PTHREAD_ATFORK  
| #define JEMALLOC_HAVE_PTHREAD_SETNAME_NP  
| #define JEMALLOC_HAVE_PTHREAD_GETNAME_NP  
| #define JEMALLOC_HAVE_CLOCK_MONOTONIC_COARSE  
| #define JEMALLOC_HAVE_CLOCK_MONOTONIC  
| #define JEMALLOC_HAVE_CLOCK_REALTIME  
| #define JEMALLOC_USE_SYSCALL  
| #define JEMALLOC_HAVE_SECURE_GETENV  
| #define JEMALLOC_HAVE_SCHED_GETCPU  
| #define JEMALLOC_HAVE_SCHED_SETAFFINITY  
| /* end confdefs.h.  */
| /* Define issetugid to an innocuous variant, in case <limits.h> declares issetugid.
|    For example, HP-UX 11i <limits.h> declares gettimeofday.  */
| #define issetugid innocuous_issetugid
| 
| /* System header to define __stub macros and hopefully few prototypes,
|     which can conflict with char issetugid (); below.
|     Prefer <limits.h> to <assert.h> if __STDC__ is defined, since
|     <limits.h> exists even on freestanding compilers.  */
| 
| #ifdef __STDC__
| # include <limits.h>
| #else
| # include <assert.h>
| #endif
| 
| #undef issetugid
| 
| /* Override any GCC internal prototype to avoid an error.
|    Use char because int might match the return type of a GCC
|    builtin and then its argument prototype would still apply.  */
| #ifdef __cplusplus
| extern "C"
| #endif
| char issetugid ();
| /* The GNU C library defines this for functions which it implements
|     to always fail with ENOSYS.  Some functions are actually named
|     something starting with __ and the normal name is an alias.  */
| #if defined __stub_issetugid || defined __stub___issetugid
| choke me
| #endif
| 
| int
| main ()
| {
| return issetugid ();
|   ;
|   return 0;
| }
configure:12893: result: no
configure:12907: checking for _malloc_thread_cleanup
configure:12907: cc -o conftest -std=gnu11 -Wall -Wextra -Wsign-compare -Wundef -Wno-format-zero-length -Wpointer-arith -Wno-missing-braces -Wno-missing-field-initializers -Wno-missing-attributes -pipe -g3 -fvisibility=hidden -Wimplicit-fallthrough -O3 -funroll-loops -O0 -ffunction-sections -fdata-sections -fPIC -gdwarf-4 -fno-omit-frame-pointer -m64 -Wall -O0 -ffunction-sections -fdata-sections -fPIC -gdwarf-4 -fno-omit-frame-pointer -m64 -Wall -D_GNU_SOURCE -D_REENTRANT -O0 -ffunction-sections -fdata-sections -fPIC -gdwarf-4 -fno-omit-frame-pointer -m64 -Wall conftest.c -lm  -pthread >&5
/usr/bin/ld: /home/runner/work/buckal_workspace/buckal_workspace/test/3rd/fd/buck-out/v2/tmp/root/e51fa9e9ecb67d13/buildscript/ccQdXk8z.o: in function `main':
/home/runner/work/buckal_workspace/buckal_workspace/test/3rd/fd/buck-out/v2/gen/root/fecc77911dff3f64/third-party/rust/crates/tikv-jemalloc-sys/0.6.0+5.3.0-1-ge13ca993e8ccb9ba9847cc330696e02839f328f7/__tikv-jemalloc-sys-build-script-run__/OUT_DIR/build/conftest.c:117:(.text.main+0xe): undefined reference to `_malloc_thread_cleanup'
collect2: error: ld returned 1 exit status
configure:12907: $? = 1
configure: failed program was:
| /* confdefs.h */
| #define PACKAGE_NAME ""
| #define PACKAGE_TARNAME ""
| #define PACKAGE_VERSION ""
| #define PACKAGE_STRING ""
| #define PACKAGE_BUGREPORT ""
| #define PACKAGE_URL ""
| #define JEMALLOC_HAS_RESTRICT
| #define STDC_HEADERS 1
| #define HAVE_SYS_TYPES_H 1
| #define HAVE_SYS_STAT_H 1
| #define HAVE_STDLIB_H 1
| #define HAVE_STRING_H 1
| #define HAVE_MEMORY_H 1
| #define HAVE_STRINGS_H 1
| #define HAVE_INTTYPES_H 1
| #define HAVE_STDINT_H 1
| #define HAVE_UNISTD_H 1
| #define SIZEOF_VOID_P 8
| #define LG_SIZEOF_PTR 3
| #define SIZEOF_INT 4
| #define LG_SIZEOF_INT 2
| #define SIZEOF_LONG 8
| #define LG_SIZEOF_LONG 3
| #define SIZEOF_LONG_LONG 8
| #define LG_SIZEOF_LONG_LONG 3
| #define SIZEOF_INTMAX_T 8
| #define LG_SIZEOF_INTMAX_T 3
| #define HAVE_CPU_SPINWAIT 1
| #define CPU_SPINWAIT __asm__ volatile("pause")
| #define LG_VADDR 48
| #define LG_VADDR 48
| #define JEMALLOC_PURGE_MADVISE_DONTNEED_ZEROS  
| #define JEMALLOC_HAS_ALLOCA_H  
| #define JEMALLOC_PROC_SYS_VM_OVERCOMMIT_MEMORY  
| #define JEMALLOC_THREADED_INIT  
| #define JEMALLOC_USE_CXX_THROW  
| #define HAVE_MALLOC_H 1
| #define JEMALLOC_USABLE_SIZE_CONST 
| #define JEMALLOC_HAVE_ATTR  
| #define JEMALLOC_HAVE_ATTR_ALLOC_SIZE  
| #define JEMALLOC_HAVE_ATTR_FORMAT_GNU_PRINTF  
| #define JEMALLOC_HAVE_ATTR_FORMAT_PRINTF  
| #define JEMALLOC_HAVE_ATTR_FORMAT_ARG  
| #define JEMALLOC_HAVE_ATTR_FALLTHROUGH  
| #define JEMALLOC_HAVE_ATTR_COLD  
| #define JEMALLOC_PREFIX "_rjem_"
| #define JEMALLOC_CPREFIX "_RJEM_"
| #define JEMALLOC_OVERRIDE_MEMALIGN  
| #define JEMALLOC_OVERRIDE_VALLOC  
| #define JEMALLOC_PRIVATE_NAMESPACE _rjem_je_
| #define JEMALLOC_CONFIG_MALLOC_CONF ""
| #define JEMALLOC_MAPS_COALESCE  
| #define JEMALLOC_RETAIN  
| #define JEMALLOC_ZERO_REALLOC_DEFAULT_FREE  
| #define JEMALLOC_DSS  
| #define JEMALLOC_FILL  
| #define JEMALLOC_CACHE_OBLIVIOUS  
| #define JEMALLOC_INTERNAL_UNREACHABLE __builtin_unreachable
| #define JEMALLOC_INTERNAL_FFSLL __builtin_ffsll
| #define JEMALLOC_INTERNAL_FFSL __builtin_ffsl
| #define JEMALLOC_INTERNAL_FFS __builtin_ffs
| #define JEMALLOC_INTERNAL_POPCOUNT __builtin_popcount
| #define JEMALLOC_INTERNAL_POPCOUNTL __builtin_popcountl
| #define JEMALLOC_INTERNAL_POPCOUNTLL __builtin_popcountll
| #define LG_PAGE 12
| #define LG_HUGEPAGE 21
| #define JEMALLOC_HAVE_PTHREAD  
| #define HAVE_PTHREAD_H 1
| #define HAVE_DLFCN_H 1
| #define JEMALLOC_HAVE_DLSYM  
| #define JEMALLOC_HAVE_PTHREAD_ATFORK  
| #define JEMALLOC_HAVE_PTHREAD_SETNAME_NP  
| #define JEMALLOC_HAVE_PTHREAD_GETNAME_NP  
| #define JEMALLOC_HAVE_CLOCK_MONOTONIC_COARSE  
| #define JEMALLOC_HAVE_CLOCK_MONOTONIC  
| #define JEMALLOC_HAVE_CLOCK_REALTIME  
| #define JEMALLOC_USE_SYSCALL  
| #define JEMALLOC_HAVE_SECURE_GETENV  
| #define JEMALLOC_HAVE_SCHED_GETCPU  
| #define JEMALLOC_HAVE_SCHED_SETAFFINITY  
| /* end confdefs.h.  */
| /* Define _malloc_thread_cleanup to an innocuous variant, in case <limits.h> declares _malloc_thread_cleanup.
|    For example, HP-UX 11i <limits.h> declares gettimeofday.  */
| #define _malloc_thread_cleanup innocuous__malloc_thread_cleanup
| 
| /* System header to define __stub macros and hopefully few prototypes,
|     which can conflict with char _malloc_thread_cleanup (); below.
|     Prefer <limits.h> to <assert.h> if __STDC__ is defined, since
|     <limits.h> exists even on freestanding compilers.  */
| 
| #ifdef __STDC__
| # include <limits.h>
| #else
| # include <assert.h>
| #endif
| 
| #undef _malloc_thread_cleanup
| 
| /* Override any GCC internal prototype to avoid an error.
|    Use char because int might match the return type of a GCC
|    builtin and then its argument prototype would still apply.  */
| #ifdef __cplusplus
| extern "C"
| #endif
| char _malloc_thread_cleanup ();
| /* The GNU C library defines this for functions which it implements
|     to always fail with ENOSYS.  Some functions are actually named
|     something starting with __ and the normal name is an alias.  */
| #if defined __stub__malloc_thread_cleanup || defined __stub____malloc_thread_cleanup
| choke me
| #endif
| 
| int
| main ()
| {
| return _malloc_thread_cleanup ();
|   ;
|   return 0;
| }
configure:12907: result: no
configure:12923: checking for _pthread_mutex_init_calloc_cb
configure:12923: cc -o conftest -std=gnu11 -Wall -Wextra -Wsign-compare -Wundef -Wno-format-zero-length -Wpointer-arith -Wno-missing-braces -Wno-missing-field-initializers -Wno-missing-attributes -pipe -g3 -fvisibility=hidden -Wimplicit-fallthrough -O3 -funroll-loops -O0 -ffunction-sections -fdata-sections -fPIC -gdwarf-4 -fno-omit-frame-pointer -m64 -Wall -O0 -ffunction-sections -fdata-sections -fPIC -gdwarf-4 -fno-omit-frame-pointer -m64 -Wall -D_GNU_SOURCE -D_REENTRANT -O0 -ffunction-sections -fdata-sections -fPIC -gdwarf-4 -fno-omit-frame-pointer -m64 -Wall conftest.c -lm  -pthread >&5
/usr/bin/ld: /home/runner/work/buckal_workspace/buckal_workspace/test/3rd/fd/buck-out/v2/tmp/root/e51fa9e9ecb67d13/buildscript/cc1ILwYk.o: in function `main':
/home/runner/work/buckal_workspace/buckal_workspace/test/3rd/fd/buck-out/v2/gen/root/fecc77911dff3f64/third-party/rust/crates/tikv-jemalloc-sys/0.6.0+5.3.0-1-ge13ca993e8ccb9ba9847cc330696e02839f328f7/__tikv-jemalloc-sys-build-script-run__/OUT_DIR/build/conftest.c:117:(.text.main+0xe): undefined reference to `_pthread_mutex_init_calloc_cb'
collect2: error: ld returned 1 exit status
configure:12923: $? = 1
configure: failed program was:
| /* confdefs.h */
| #define PACKAGE_NAME ""
| #define PACKAGE_TARNAME ""
| #define PACKAGE_VERSION ""
| #define PACKAGE_STRING ""
| #define PACKAGE_BUGREPORT ""
| #define PACKAGE_URL ""
| #define JEMALLOC_HAS_RESTRICT
| #define STDC_HEADERS 1
| #define HAVE_SYS_TYPES_H 1
| #define HAVE_SYS_STAT_H 1
| #define HAVE_STDLIB_H 1
| #define HAVE_STRING_H 1
| #define HAVE_MEMORY_H 1
| #define HAVE_STRINGS_H 1
| #define HAVE_INTTYPES_H 1
| #define HAVE_STDINT_H 1
| #define HAVE_UNISTD_H 1
| #define SIZEOF_VOID_P 8
| #define LG_SIZEOF_PTR 3
| #define SIZEOF_INT 4
| #define LG_SIZEOF_INT 2
| #define SIZEOF_LONG 8
| #define LG_SIZEOF_LONG 3
| #define SIZEOF_LONG_LONG 8
| #define LG_SIZEOF_LONG_LONG 3
| #define SIZEOF_INTMAX_T 8
| #define LG_SIZEOF_INTMAX_T 3
| #define HAVE_CPU_SPINWAIT 1
| #define CPU_SPINWAIT __asm__ volatile("pause")
| #define LG_VADDR 48
| #define LG_VADDR 48
| #define JEMALLOC_PURGE_MADVISE_DONTNEED_ZEROS  
| #define JEMALLOC_HAS_ALLOCA_H  
| #define JEMALLOC_PROC_SYS_VM_OVERCOMMIT_MEMORY  
| #define JEMALLOC_THREADED_INIT  
| #define JEMALLOC_USE_CXX_THROW  
| #define HAVE_MALLOC_H 1
| #define JEMALLOC_USABLE_SIZE_CONST 
| #define JEMALLOC_HAVE_ATTR  
| #define JEMALLOC_HAVE_ATTR_ALLOC_SIZE  
| #define JEMALLOC_HAVE_ATTR_FORMAT_GNU_PRINTF  
| #define JEMALLOC_HAVE_ATTR_FORMAT_PRINTF  
| #define JEMALLOC_HAVE_ATTR_FORMAT_ARG  
| #define JEMALLOC_HAVE_ATTR_FALLTHROUGH  
| #define JEMALLOC_HAVE_ATTR_COLD  
| #define JEMALLOC_PREFIX "_rjem_"
| #define JEMALLOC_CPREFIX "_RJEM_"
| #define JEMALLOC_OVERRIDE_MEMALIGN  
| #define JEMALLOC_OVERRIDE_VALLOC  
| #define JEMALLOC_PRIVATE_NAMESPACE _rjem_je_
| #define JEMALLOC_CONFIG_MALLOC_CONF ""
| #define JEMALLOC_MAPS_COALESCE  
| #define JEMALLOC_RETAIN  
| #define JEMALLOC_ZERO_REALLOC_DEFAULT_FREE  
| #define JEMALLOC_DSS  
| #define JEMALLOC_FILL  
| #define JEMALLOC_CACHE_OBLIVIOUS  
| #define JEMALLOC_INTERNAL_UNREACHABLE __builtin_unreachable
| #define JEMALLOC_INTERNAL_FFSLL __builtin_ffsll
| #define JEMALLOC_INTERNAL_FFSL __builtin_ffsl
| #define JEMALLOC_INTERNAL_FFS __builtin_ffs
| #define JEMALLOC_INTERNAL_POPCOUNT __builtin_popcount
| #define JEMALLOC_INTERNAL_POPCOUNTL __builtin_popcountl
| #define JEMALLOC_INTERNAL_POPCOUNTLL __builtin_popcountll
| #define LG_PAGE 12
| #define LG_HUGEPAGE 21
| #define JEMALLOC_HAVE_PTHREAD  
| #define HAVE_PTHREAD_H 1
| #define HAVE_DLFCN_H 1
| #define JEMALLOC_HAVE_DLSYM  
| #define JEMALLOC_HAVE_PTHREAD_ATFORK  
| #define JEMALLOC_HAVE_PTHREAD_SETNAME_NP  
| #define JEMALLOC_HAVE_PTHREAD_GETNAME_NP  
| #define JEMALLOC_HAVE_CLOCK_MONOTONIC_COARSE  
| #define JEMALLOC_HAVE_CLOCK_MONOTONIC  
| #define JEMALLOC_HAVE_CLOCK_REALTIME  
| #define JEMALLOC_USE_SYSCALL  
| #define JEMALLOC_HAVE_SECURE_GETENV  
| #define JEMALLOC_HAVE_SCHED_GETCPU  
| #define JEMALLOC_HAVE_SCHED_SETAFFINITY  
| /* end confdefs.h.  */
| /* Define _pthread_mutex_init_calloc_cb to an innocuous variant, in case <limits.h> declares _pthread_mutex_init_calloc_cb.
|    For example, HP-UX 11i <limits.h> declares gettimeofday.  */
| #define _pthread_mutex_init_calloc_cb innocuous__pthread_mutex_init_calloc_cb
| 
| /* System header to define __stub macros and hopefully few prototypes,
|     which can conflict with char _pthread_mutex_init_calloc_cb (); below.
|     Prefer <limits.h> to <assert.h> if __STDC__ is defined, since
|     <limits.h> exists even on freestanding compilers.  */
| 
| #ifdef __STDC__
| # include <limits.h>
| #else
| # include <assert.h>
| #endif
| 
| #undef _pthread_mutex_init_calloc_cb
| 
| /* Override any GCC internal prototype to avoid an error.
|    Use char because int might match the return type of a GCC
|    builtin and then its argument prototype would still apply.  */
| #ifdef __cplusplus
| extern "C"
| #endif
| char _pthread_mutex_init_calloc_cb ();
| /* The GNU C library defines this for functions which it implements
|     to always fail with ENOSYS.  Some functions are actually named
|     something starting with __ and the normal name is an alias.  */
| #if defined __stub__pthread_mutex_init_calloc_cb || defined __stub____pthread_mutex_init_calloc_cb
| choke me
| #endif
| 
| int
| main ()
| {
| return _pthread_mutex_init_calloc_cb ();
|   ;
|   return 0;
| }
configure:12923: result: no
configure:12938: checking for memcntl
configure:12938: cc -o conftest -std=gnu11 -Wall -Wextra -Wsign-compare -Wundef -Wno-format-zero-length -Wpointer-arith -Wno-missing-braces -Wno-missing-field-initializers -Wno-missing-attributes -pipe -g3 -fvisibility=hidden -Wimplicit-fallthrough -O3 -funroll-loops -O0 -ffunction-sections -fdata-sections -fPIC -gdwarf-4 -fno-omit-frame-pointer -m64 -Wall -O0 -ffunction-sections -fdata-sections -fPIC -gdwarf-4 -fno-omit-frame-pointer -m64 -Wall -D_GNU_SOURCE -D_REENTRANT -O0 -ffunction-sections -fdata-sections -fPIC -gdwarf-4 -fno-omit-frame-pointer -m64 -Wall conftest.c -lm  -pthread >&5
/usr/bin/ld: /home/runner/work/buckal_workspace/buckal_workspace/test/3rd/fd/buck-out/v2/tmp/root/e51fa9e9ecb67d13/buildscript/ccPHZTqd.o: in function `main':
/home/runner/work/buckal_workspace/buckal_workspace/test/3rd/fd/buck-out/v2/gen/root/fecc77911dff3f64/third-party/rust/crates/tikv-jemalloc-sys/0.6.0+5.3.0-1-ge13ca993e8ccb9ba9847cc330696e02839f328f7/__tikv-jemalloc-sys-build-script-run__/OUT_DIR/build/conftest.c:117:(.text.main+0xe): undefined reference to `memcntl'
collect2: error: ld returned 1 exit status
configure:12938: $? = 1
configure: failed program was:
| /* confdefs.h */
| #define PACKAGE_NAME ""
| #define PACKAGE_TARNAME ""
| #define PACKAGE_VERSION ""
| #define PACKAGE_STRING ""
| #define PACKAGE_BUGREPORT ""
| #define PACKAGE_URL ""
| #define JEMALLOC_HAS_RESTRICT
| #define STDC_HEADERS 1
| #define HAVE_SYS_TYPES_H 1
| #define HAVE_SYS_STAT_H 1
| #define HAVE_STDLIB_H 1
| #define HAVE_STRING_H 1
| #define HAVE_MEMORY_H 1
| #define HAVE_STRINGS_H 1
| #define HAVE_INTTYPES_H 1
| #define HAVE_STDINT_H 1
| #define HAVE_UNISTD_H 1
| #define SIZEOF_VOID_P 8
| #define LG_SIZEOF_PTR 3
| #define SIZEOF_INT 4
| #define LG_SIZEOF_INT 2
| #define SIZEOF_LONG 8
| #define LG_SIZEOF_LONG 3
| #define SIZEOF_LONG_LONG 8
| #define LG_SIZEOF_LONG_LONG 3
| #define SIZEOF_INTMAX_T 8
| #define LG_SIZEOF_INTMAX_T 3
| #define HAVE_CPU_SPINWAIT 1
| #define CPU_SPINWAIT __asm__ volatile("pause")
| #define LG_VADDR 48
| #define LG_VADDR 48
| #define JEMALLOC_PURGE_MADVISE_DONTNEED_ZEROS  
| #define JEMALLOC_HAS_ALLOCA_H  
| #define JEMALLOC_PROC_SYS_VM_OVERCOMMIT_MEMORY  
| #define JEMALLOC_THREADED_INIT  
| #define JEMALLOC_USE_CXX_THROW  
| #define HAVE_MALLOC_H 1
| #define JEMALLOC_USABLE_SIZE_CONST 
| #define JEMALLOC_HAVE_ATTR  
| #define JEMALLOC_HAVE_ATTR_ALLOC_SIZE  
| #define JEMALLOC_HAVE_ATTR_FORMAT_GNU_PRINTF  
| #define JEMALLOC_HAVE_ATTR_FORMAT_PRINTF  
| #define JEMALLOC_HAVE_ATTR_FORMAT_ARG  
| #define JEMALLOC_HAVE_ATTR_FALLTHROUGH  
| #define JEMALLOC_HAVE_ATTR_COLD  
| #define JEMALLOC_PREFIX "_rjem_"
| #define JEMALLOC_CPREFIX "_RJEM_"
| #define JEMALLOC_OVERRIDE_MEMALIGN  
| #define JEMALLOC_OVERRIDE_VALLOC  
| #define JEMALLOC_PRIVATE_NAMESPACE _rjem_je_
| #define JEMALLOC_CONFIG_MALLOC_CONF ""
| #define JEMALLOC_MAPS_COALESCE  
| #define JEMALLOC_RETAIN  
| #define JEMALLOC_ZERO_REALLOC_DEFAULT_FREE  
| #define JEMALLOC_DSS  
| #define JEMALLOC_FILL  
| #define JEMALLOC_CACHE_OBLIVIOUS  
| #define JEMALLOC_INTERNAL_UNREACHABLE __builtin_unreachable
| #define JEMALLOC_INTERNAL_FFSLL __builtin_ffsll
| #define JEMALLOC_INTERNAL_FFSL __builtin_ffsl
| #define JEMALLOC_INTERNAL_FFS __builtin_ffs
| #define JEMALLOC_INTERNAL_POPCOUNT __builtin_popcount
| #define JEMALLOC_INTERNAL_POPCOUNTL __builtin_popcountl
| #define JEMALLOC_INTERNAL_POPCOUNTLL __builtin_popcountll
| #define LG_PAGE 12
| #define LG_HUGEPAGE 21
| #define JEMALLOC_HAVE_PTHREAD  
| #define HAVE_PTHREAD_H 1
| #define HAVE_DLFCN_H 1
| #define JEMALLOC_HAVE_DLSYM  
| #define JEMALLOC_HAVE_PTHREAD_ATFORK  
| #define JEMALLOC_HAVE_PTHREAD_SETNAME_NP  
| #define JEMALLOC_HAVE_PTHREAD_GETNAME_NP  
| #define JEMALLOC_HAVE_CLOCK_MONOTONIC_COARSE  
| #define JEMALLOC_HAVE_CLOCK_MONOTONIC  
| #define JEMALLOC_HAVE_CLOCK_REALTIME  
| #define JEMALLOC_USE_SYSCALL  
| #define JEMALLOC_HAVE_SECURE_GETENV  
| #define JEMALLOC_HAVE_SCHED_GETCPU  
| #define JEMALLOC_HAVE_SCHED_SETAFFINITY  
| /* end confdefs.h.  */
| /* Define memcntl to an innocuous variant, in case <limits.h> declares memcntl.
|    For example, HP-UX 11i <limits.h> declares gettimeofday.  */
| #define memcntl innocuous_memcntl
| 
| /* System header to define __stub macros and hopefully few prototypes,
|     which can conflict with char memcntl (); below.
|     Prefer <limits.h> to <assert.h> if __STDC__ is defined, since
|     <limits.h> exists even on freestanding compilers.  */
| 
| #ifdef __STDC__
| # include <limits.h>
| #else
| # include <assert.h>
| #endif
| 
| #undef memcntl
| 
| /* Override any GCC internal prototype to avoid an error.
|    Use char because int might match the return type of a GCC
|    builtin and then its argument prototype would still apply.  */
| #ifdef __cplusplus
| extern "C"
| #endif
| char memcntl ();
| /* The GNU C library defines this for functions which it implements
|     to always fail with ENOSYS.  Some functions are actually named
|     something starting with __ and the normal name is an alias.  */
| #if defined __stub_memcntl || defined __stub___memcntl
| choke me
| #endif
| 
| int
| main ()
| {
| return memcntl ();
|   ;
|   return 0;
| }
configure:12938: result: no
configure:12997: checking for TLS
configure:13016: cc -c -std=gnu11 -Wall -Wextra -Wsign-compare -Wundef -Wno-format-zero-length -Wpointer-arith -Wno-missing-braces -Wno-missing-field-initializers -Wno-missing-attributes -pipe -g3 -fvisibility=hidden -Wimplicit-fallthrough -O3 -funroll-loops -O0 -ffunction-sections -fdata-sections -fPIC -gdwarf-4 -fno-omit-frame-pointer -m64 -Wall -O0 -ffunction-sections -fdata-sections -fPIC -gdwarf-4 -fno-omit-frame-pointer -m64 -Wall -D_GNU_SOURCE -D_REENTRANT conftest.c >&5
configure:13016: $? = 0
configure:13017: result: yes
configure:13039: checking whether C11 atomics is compilable
configure:13068: cc -o conftest -std=gnu11 -Wall -Wextra -Wsign-compare -Wundef -Wno-format-zero-length -Wpointer-arith -Wno-missing-braces -Wno-missing-field-initializers -Wno-missing-attributes -pipe -g3 -fvisibility=hidden -Wimplicit-fallthrough -O3 -funroll-loops -O0 -ffunction-sections -fdata-sections -fPIC -gdwarf-4 -fno-omit-frame-pointer -m64 -Wall -O0 -ffunction-sections -fdata-sections -fPIC -gdwarf-4 -fno-omit-frame-pointer -m64 -Wall -D_GNU_SOURCE -D_REENTRANT -O0 -ffunction-sections -fdata-sections -fPIC -gdwarf-4 -fno-omit-frame-pointer -m64 -Wall conftest.c -lm  -pthread >&5
configure:13068: $? = 0
configure:13076: result: yes
configure:13087: checking whether GCC __atomic atomics is compilable
configure:13110: cc -o conftest -std=gnu11 -Wall -Wextra -Wsign-compare -Wundef -Wno-format-zero-length -Wpointer-arith -Wno-missing-braces -Wno-missing-field-initializers -Wno-missing-attributes -pipe -g3 -fvisibility=hidden -Wimplicit-fallthrough -O3 -funroll-loops -O0 -ffunction-sections -fdata-sections -fPIC -gdwarf-4 -fno-omit-frame-pointer -m64 -Wall -O0 -ffunction-sections -fdata-sections -fPIC -gdwarf-4 -fno-omit-frame-pointer -m64 -Wall -D_GNU_SOURCE -D_REENTRANT -O0 -ffunction-sections -fdata-sections -fPIC -gdwarf-4 -fno-omit-frame-pointer -m64 -Wall conftest.c -lm  -pthread >&5
conftest.c: In function 'main':
conftest.c:93:9: warning: unused variable 'y' [-Wunused-variable]
   93 |     int y = __atomic_fetch_add(&x, val, __ATOMIC_RELAXED);
      |         ^
configure:13110: $? = 0
configure:13118: result: yes
configure:13127: checking whether GCC 8-bit __atomic atomics is compilable
configure:13150: cc -o conftest -std=gnu11 -Wall -Wextra -Wsign-compare -Wundef -Wno-format-zero-length -Wpointer-arith -Wno-missing-braces -Wno-missing-field-initializers -Wno-missing-attributes -pipe -g3 -fvisibility=hidden -Wimplicit-fallthrough -O3 -funroll-loops -O0 -ffunction-sections -fdata-sections -fPIC -gdwarf-4 -fno-omit-frame-pointer -m64 -Wall -O0 -ffunction-sections -fdata-sections -fPIC -gdwarf-4 -fno-omit-frame-pointer -m64 -Wall -D_GNU_SOURCE -D_REENTRANT -O0 -ffunction-sections -fdata-sections -fPIC -gdwarf-4 -fno-omit-frame-pointer -m64 -Wall conftest.c -lm  -pthread >&5
conftest.c: In function 'main':
conftest.c:94:11: warning: unused variable 'y' [-Wunused-variable]
   94 |       int y = __atomic_fetch_add(&x, val, __ATOMIC_RELAXED);
      |           ^
configure:13150: $? = 0
configure:13158: result: yes
configure:13170: checking whether GCC __sync atomics is compilable
configure:13192: cc -o conftest -std=gnu11 -Wall -Wextra -Wsign-compare -Wundef -Wno-format-zero-length -Wpointer-arith -Wno-missing-braces -Wno-missing-field-initializers -Wno-missing-attributes -pipe -g3 -fvisibility=hidden -Wimplicit-fallthrough -O3 -funroll-loops -O0 -ffunction-sections -fdata-sections -fPIC -gdwarf-4 -fno-omit-frame-pointer -m64 -Wall -O0 -ffunction-sections -fdata-sections -fPIC -gdwarf-4 -fno-omit-frame-pointer -m64 -Wall -D_GNU_SOURCE -D_REENTRANT -O0 -ffunction-sections -fdata-sections -fPIC -gdwarf-4 -fno-omit-frame-pointer -m64 -Wall conftest.c -lm  -pthread >&5
configure:13192: $? = 0
configure:13200: result: yes
configure:13209: checking whether GCC 8-bit __sync atomics is compilable
configure:13231: cc -o conftest -std=gnu11 -Wall -Wextra -Wsign-compare -Wundef -Wno-format-zero-length -Wpointer-arith -Wno-missing-braces -Wno-missing-field-initializers -Wno-missing-attributes -pipe -g3 -fvisibility=hidden -Wimplicit-fallthrough -O3 -funroll-loops -O0 -ffunction-sections -fdata-sections -fPIC -gdwarf-4 -fno-omit-frame-pointer -m64 -Wall -O0 -ffunction-sections -fdata-sections -fPIC -gdwarf-4 -fno-omit-frame-pointer -m64 -Wall -D_GNU_SOURCE -D_REENTRANT -O0 -ffunction-sections -fdata-sections -fPIC -gdwarf-4 -fno-omit-frame-pointer -m64 -Wall conftest.c -lm  -pthread >&5
configure:13231: $? = 0
configure:13239: result: yes
configure:13251: checking whether Darwin OSAtomic*() is compilable
configure:13281: cc -o conftest -std=gnu11 -Wall -Wextra -Wsign-compare -Wundef -Wno-format-zero-length -Wpointer-arith -Wno-missing-braces -Wno-missing-field-initializers -Wno-missing-attributes -pipe -g3 -fvisibility=hidden -Wimplicit-fallthrough -O3 -funroll-loops -O0 -ffunction-sections -fdata-sections -fPIC -gdwarf-4 -fno-omit-frame-pointer -m64 -Wall -O0 -ffunction-sections -fdata-sections -fPIC -gdwarf-4 -fno-omit-frame-pointer -m64 -Wall -D_GNU_SOURCE -D_REENTRANT -O0 -ffunction-sections -fdata-sections -fPIC -gdwarf-4 -fno-omit-frame-pointer -m64 -Wall conftest.c -lm  -pthread >&5
conftest.c:90:10: fatal error: libkern/OSAtomic.h: No such file or directory
   90 | #include <libkern/OSAtomic.h>
      |          ^~~~~~~~~~~~~~~~~~~~
compilation terminated.
configure:13281: $? = 1
configure: failed program was:
| /* confdefs.h */
| #define PACKAGE_NAME ""
| #define PACKAGE_TARNAME ""
| #define PACKAGE_VERSION ""
| #define PACKAGE_STRING ""
| #define PACKAGE_BUGREPORT ""
| #define PACKAGE_URL ""
| #define JEMALLOC_HAS_RESTRICT
| #define STDC_HEADERS 1
| #define HAVE_SYS_TYPES_H 1
| #define HAVE_SYS_STAT_H 1
| #define HAVE_STDLIB_H 1
| #define HAVE_STRING_H 1
| #define HAVE_MEMORY_H 1
| #define HAVE_STRINGS_H 1
| #define HAVE_INTTYPES_H 1
| #define HAVE_STDINT_H 1
| #define HAVE_UNISTD_H 1
| #define SIZEOF_VOID_P 8
| #define LG_SIZEOF_PTR 3
| #define SIZEOF_INT 4
| #define LG_SIZEOF_INT 2
| #define SIZEOF_LONG 8
| #define LG_SIZEOF_LONG 3
| #define SIZEOF_LONG_LONG 8
| #define LG_SIZEOF_LONG_LONG 3
| #define SIZEOF_INTMAX_T 8
| #define LG_SIZEOF_INTMAX_T 3
| #define HAVE_CPU_SPINWAIT 1
| #define CPU_SPINWAIT __asm__ volatile("pause")
| #define LG_VADDR 48
| #define LG_VADDR 48
| #define JEMALLOC_PURGE_MADVISE_DONTNEED_ZEROS  
| #define JEMALLOC_HAS_ALLOCA_H  
| #define JEMALLOC_PROC_SYS_VM_OVERCOMMIT_MEMORY  
| #define JEMALLOC_THREADED_INIT  
| #define JEMALLOC_USE_CXX_THROW  
| #define HAVE_MALLOC_H 1
| #define JEMALLOC_USABLE_SIZE_CONST 
| #define JEMALLOC_HAVE_ATTR  
| #define JEMALLOC_HAVE_ATTR_ALLOC_SIZE  
| #define JEMALLOC_HAVE_ATTR_FORMAT_GNU_PRINTF  
| #define JEMALLOC_HAVE_ATTR_FORMAT_PRINTF  
| #define JEMALLOC_HAVE_ATTR_FORMAT_ARG  
| #define JEMALLOC_HAVE_ATTR_FALLTHROUGH  
| #define JEMALLOC_HAVE_ATTR_COLD  
| #define JEMALLOC_PREFIX "_rjem_"
| #define JEMALLOC_CPREFIX "_RJEM_"
| #define JEMALLOC_OVERRIDE_MEMALIGN  
| #define JEMALLOC_OVERRIDE_VALLOC  
| #define JEMALLOC_PRIVATE_NAMESPACE _rjem_je_
| #define JEMALLOC_CONFIG_MALLOC_CONF ""
| #define JEMALLOC_MAPS_COALESCE  
| #define JEMALLOC_RETAIN  
| #define JEMALLOC_ZERO_REALLOC_DEFAULT_FREE  
| #define JEMALLOC_DSS  
| #define JEMALLOC_FILL  
| #define JEMALLOC_CACHE_OBLIVIOUS  
| #define JEMALLOC_INTERNAL_UNREACHABLE __builtin_unreachable
| #define JEMALLOC_INTERNAL_FFSLL __builtin_ffsll
| #define JEMALLOC_INTERNAL_FFSL __builtin_ffsl
| #define JEMALLOC_INTERNAL_FFS __builtin_ffs
| #define JEMALLOC_INTERNAL_POPCOUNT __builtin_popcount
| #define JEMALLOC_INTERNAL_POPCOUNTL __builtin_popcountl
| #define JEMALLOC_INTERNAL_POPCOUNTLL __builtin_popcountll
| #define LG_PAGE 12
| #define LG_HUGEPAGE 21
| #define JEMALLOC_HAVE_PTHREAD  
| #define HAVE_PTHREAD_H 1
| #define HAVE_DLFCN_H 1
| #define JEMALLOC_HAVE_DLSYM  
| #define JEMALLOC_HAVE_PTHREAD_ATFORK  
| #define JEMALLOC_HAVE_PTHREAD_SETNAME_NP  
| #define JEMALLOC_HAVE_PTHREAD_GETNAME_NP  
| #define JEMALLOC_HAVE_CLOCK_MONOTONIC_COARSE  
| #define JEMALLOC_HAVE_CLOCK_MONOTONIC  
| #define JEMALLOC_HAVE_CLOCK_REALTIME  
| #define JEMALLOC_USE_SYSCALL  
| #define JEMALLOC_HAVE_SECURE_GETENV  
| #define JEMALLOC_HAVE_SCHED_GETCPU  
| #define JEMALLOC_HAVE_SCHED_SETAFFINITY  
| #define JEMALLOC_TLS
| #define JEMALLOC_C11_ATOMICS  
| #define JEMALLOC_GCC_ATOMIC_ATOMICS  
| #define JEMALLOC_GCC_U8_ATOMIC_ATOMICS  
| #define JEMALLOC_GCC_SYNC_ATOMICS  
| #define JEMALLOC_GCC_U8_SYNC_ATOMICS  
| /* end confdefs.h.  */
| 
| #include <libkern/OSAtomic.h>
| #include <inttypes.h>
| 
| int
| main ()
| {
| 
| 	{
| 		int32_t x32 = 0;
| 		volatile int32_t *x32p = &x32;
| 		OSAtomicAdd32(1, x32p);
| 	}
| 	{
| 		int64_t x64 = 0;
| 		volatile int64_t *x64p = &x64;
| 		OSAtomicAdd64(1, x64p);
| 	}
| 
|   ;
|   return 0;
| }
configure:13289: result: no
configure:13300: checking whether madvise(2) is compilable
configure:13320: cc -o conftest -std=gnu11 -Wall -Wextra -Wsign-compare -Wundef -Wno-format-zero-length -Wpointer-arith -Wno-missing-braces -Wno-missing-field-initializers -Wno-missing-attributes -pipe -g3 -fvisibility=hidden -Wimplicit-fallthrough -O3 -funroll-loops -O0 -ffunction-sections -fdata-sections -fPIC -gdwarf-4 -fno-omit-frame-pointer -m64 -Wall -O0 -ffunction-sections -fdata-sections -fPIC -gdwarf-4 -fno-omit-frame-pointer -m64 -Wall -D_GNU_SOURCE -D_REENTRANT -O0 -ffunction-sections -fdata-sections -fPIC -gdwarf-4 -fno-omit-frame-pointer -m64 -Wall conftest.c -lm  -pthread >&5
configure:13320: $? = 0
configure:13328: result: yes
configure:13337: checking whether madvise(..., MADV_FREE) is compilable
configure:13357: cc -o conftest -std=gnu11 -Wall -Wextra -Wsign-compare -Wundef -Wno-format-zero-length -Wpointer-arith -Wno-missing-braces -Wno-missing-field-initializers -Wno-missing-attributes -pipe -g3 -fvisibility=hidden -Wimplicit-fallthrough -O3 -funroll-loops -O0 -ffunction-sections -fdata-sections -fPIC -gdwarf-4 -fno-omit-frame-pointer -m64 -Wall -O0 -ffunction-sections -fdata-sections -fPIC -gdwarf-4 -fno-omit-frame-pointer -m64 -Wall -D_GNU_SOURCE -D_REENTRANT -O0 -ffunction-sections -fdata-sections -fPIC -gdwarf-4 -fno-omit-frame-pointer -m64 -Wall conftest.c -lm  -pthread >&5
configure:13357: $? = 0
configure:13365: result: yes
configure:13388: checking whether madvise(..., MADV_DONTNEED) is compilable
configure:13408: cc -o conftest -std=gnu11 -Wall -Wextra -Wsign-compare -Wundef -Wno-format-zero-length -Wpointer-arith -Wno-missing-braces -Wno-missing-field-initializers -Wno-missing-attributes -pipe -g3 -fvisibility=hidden -Wimplicit-fallthrough -O3 -funroll-loops -O0 -ffunction-sections -fdata-sections -fPIC -gdwarf-4 -fno-omit-frame-pointer -m64 -Wall -O0 -ffunction-sections -fdata-sections -fPIC -gdwarf-4 -fno-omit-frame-pointer -m64 -Wall -D_GNU_SOURCE -D_REENTRANT -O0 -ffunction-sections -fdata-sections -fPIC -gdwarf-4 -fno-omit-frame-pointer -m64 -Wall conftest.c -lm  -pthread >&5
configure:13408: $? = 0
configure:13416: result: yes
configure:13426: checking whether madvise(..., MADV_DO[NT]DUMP) is compilable
configure:13447: cc -o conftest -std=gnu11 -Wall -Wextra -Wsign-compare -Wundef -Wno-format-zero-length -Wpointer-arith -Wno-missing-braces -Wno-missing-field-initializers -Wno-missing-attributes -pipe -g3 -fvisibility=hidden -Wimplicit-fallthrough -O3 -funroll-loops -O0 -ffunction-sections -fdata-sections -fPIC -gdwarf-4 -fno-omit-frame-pointer -m64 -Wall -O0 -ffunction-sections -fdata-sections -fPIC -gdwarf-4 -fno-omit-frame-pointer -m64 -Wall -D_GNU_SOURCE -D_REENTRANT -O0 -ffunction-sections -fdata-sections -fPIC -gdwarf-4 -fno-omit-frame-pointer -m64 -Wall conftest.c -lm  -pthread >&5
configure:13447: $? = 0
configure:13455: result: yes
configure:13465: checking whether madvise(..., MADV_[NO]HUGEPAGE) is compilable
configure:13486: cc -o conftest -std=gnu11 -Wall -Wextra -Wsign-compare -Wundef -Wno-format-zero-length -Wpointer-arith -Wno-missing-braces -Wno-missing-field-initializers -Wno-missing-attributes -pipe -g3 -fvisibility=hidden -Wimplicit-fallthrough -O3 -funroll-loops -O0 -ffunction-sections -fdata-sections -fPIC -gdwarf-4 -fno-omit-frame-pointer -m64 -Wall -O0 -ffunction-sections -fdata-sections -fPIC -gdwarf-4 -fno-omit-frame-pointer -m64 -Wall -D_GNU_SOURCE -D_REENTRANT -O0 -ffunction-sections -fdata-sections -fPIC -gdwarf-4 -fno-omit-frame-pointer -m64 -Wall conftest.c -lm  -pthread >&5
configure:13486: $? = 0
configure:13494: result: yes
configure:13498: checking whether madvise(..., MADV_[NO]CORE) is compilable
configure:13519: cc -o conftest -std=gnu11 -Wall -Wextra -Wsign-compare -Wundef -Wno-format-zero-length -Wpointer-arith -Wno-missing-braces -Wno-missing-field-initializers -Wno-missing-attributes -pipe -g3 -fvisibility=hidden -Wimplicit-fallthrough -O3 -funroll-loops -O0 -ffunction-sections -fdata-sections -fPIC -gdwarf-4 -fno-omit-frame-pointer -m64 -Wall -O0 -ffunction-sections -fdata-sections -fPIC -gdwarf-4 -fno-omit-frame-pointer -m64 -Wall -D_GNU_SOURCE -D_REENTRANT -O0 -ffunction-sections -fdata-sections -fPIC -gdwarf-4 -fno-omit-frame-pointer -m64 -Wall conftest.c -lm  -pthread >&5
conftest.c: In function 'main':
conftest.c:100:31: error: 'MADV_NOCORE' undeclared (first use in this function); did you mean 'MADV_DOFORK'?
  100 |         madvise((void *)0, 0, MADV_NOCORE);
      |                               ^~~~~~~~~~~
      |                               MADV_DOFORK
conftest.c:100:31: note: each undeclared identifier is reported only once for each function it appears in
conftest.c:101:31: error: 'MADV_CORE' undeclared (first use in this function); did you mean 'MADV_COLD'?
  101 |         madvise((void *)0, 0, MADV_CORE);
      |                               ^~~~~~~~~
      |                               MADV_COLD
configure:13519: $? = 1
configure: failed program was:
| /* confdefs.h */
| #define PACKAGE_NAME ""
| #define PACKAGE_TARNAME ""
| #define PACKAGE_VERSION ""
| #define PACKAGE_STRING ""
| #define PACKAGE_BUGREPORT ""
| #define PACKAGE_URL ""
| #define JEMALLOC_HAS_RESTRICT
| #define STDC_HEADERS 1
| #define HAVE_SYS_TYPES_H 1
| #define HAVE_SYS_STAT_H 1
| #define HAVE_STDLIB_H 1
| #define HAVE_STRING_H 1
| #define HAVE_MEMORY_H 1
| #define HAVE_STRINGS_H 1
| #define HAVE_INTTYPES_H 1
| #define HAVE_STDINT_H 1
| #define HAVE_UNISTD_H 1
| #define SIZEOF_VOID_P 8
| #define LG_SIZEOF_PTR 3
| #define SIZEOF_INT 4
| #define LG_SIZEOF_INT 2
| #define SIZEOF_LONG 8
| #define LG_SIZEOF_LONG 3
| #define SIZEOF_LONG_LONG 8
| #define LG_SIZEOF_LONG_LONG 3
| #define SIZEOF_INTMAX_T 8
| #define LG_SIZEOF_INTMAX_T 3
| #define HAVE_CPU_SPINWAIT 1
| #define CPU_SPINWAIT __asm__ volatile("pause")
| #define LG_VADDR 48
| #define LG_VADDR 48
| #define JEMALLOC_PURGE_MADVISE_DONTNEED_ZEROS  
| #define JEMALLOC_HAS_ALLOCA_H  
| #define JEMALLOC_PROC_SYS_VM_OVERCOMMIT_MEMORY  
| #define JEMALLOC_THREADED_INIT  
| #define JEMALLOC_USE_CXX_THROW  
| #define HAVE_MALLOC_H 1
| #define JEMALLOC_USABLE_SIZE_CONST 
| #define JEMALLOC_HAVE_ATTR  
| #define JEMALLOC_HAVE_ATTR_ALLOC_SIZE  
| #define JEMALLOC_HAVE_ATTR_FORMAT_GNU_PRINTF  
| #define JEMALLOC_HAVE_ATTR_FORMAT_PRINTF  
| #define JEMALLOC_HAVE_ATTR_FORMAT_ARG  
| #define JEMALLOC_HAVE_ATTR_FALLTHROUGH  
| #define JEMALLOC_HAVE_ATTR_COLD  
| #define JEMALLOC_PREFIX "_rjem_"
| #define JEMALLOC_CPREFIX "_RJEM_"
| #define JEMALLOC_OVERRIDE_MEMALIGN  
| #define JEMALLOC_OVERRIDE_VALLOC  
| #define JEMALLOC_PRIVATE_NAMESPACE _rjem_je_
| #define JEMALLOC_CONFIG_MALLOC_CONF ""
| #define JEMALLOC_MAPS_COALESCE  
| #define JEMALLOC_RETAIN  
| #define JEMALLOC_ZERO_REALLOC_DEFAULT_FREE  
| #define JEMALLOC_DSS  
| #define JEMALLOC_FILL  
| #define JEMALLOC_CACHE_OBLIVIOUS  
| #define JEMALLOC_INTERNAL_UNREACHABLE __builtin_unreachable
| #define JEMALLOC_INTERNAL_FFSLL __builtin_ffsll
| #define JEMALLOC_INTERNAL_FFSL __builtin_ffsl
| #define JEMALLOC_INTERNAL_FFS __builtin_ffs
| #define JEMALLOC_INTERNAL_POPCOUNT __builtin_popcount
| #define JEMALLOC_INTERNAL_POPCOUNTL __builtin_popcountl
| #define JEMALLOC_INTERNAL_POPCOUNTLL __builtin_popcountll
| #define LG_PAGE 12
| #define LG_HUGEPAGE 21
| #define JEMALLOC_HAVE_PTHREAD  
| #define HAVE_PTHREAD_H 1
| #define HAVE_DLFCN_H 1
| #define JEMALLOC_HAVE_DLSYM  
| #define JEMALLOC_HAVE_PTHREAD_ATFORK  
| #define JEMALLOC_HAVE_PTHREAD_SETNAME_NP  
| #define JEMALLOC_HAVE_PTHREAD_GETNAME_NP  
| #define JEMALLOC_HAVE_CLOCK_MONOTONIC_COARSE  
| #define JEMALLOC_HAVE_CLOCK_MONOTONIC  
| #define JEMALLOC_HAVE_CLOCK_REALTIME  
| #define JEMALLOC_USE_SYSCALL  
| #define JEMALLOC_HAVE_SECURE_GETENV  
| #define JEMALLOC_HAVE_SCHED_GETCPU  
| #define JEMALLOC_HAVE_SCHED_SETAFFINITY  
| #define JEMALLOC_TLS
| #define JEMALLOC_C11_ATOMICS  
| #define JEMALLOC_GCC_ATOMIC_ATOMICS  
| #define JEMALLOC_GCC_U8_ATOMIC_ATOMICS  
| #define JEMALLOC_GCC_SYNC_ATOMICS  
| #define JEMALLOC_GCC_U8_SYNC_ATOMICS  
| #define JEMALLOC_HAVE_MADVISE  
| #define JEMALLOC_PURGE_MADVISE_FREE  
| #define JEMALLOC_PURGE_MADVISE_DONTNEED  
| #define JEMALLOC_MADVISE_DONTDUMP  
| /* end confdefs.h.  */
| 
| #include <sys/mman.h>
| 
| int
| main ()
| {
| 
| 	madvise((void *)0, 0, MADV_NOCORE);
| 	madvise((void *)0, 0, MADV_CORE);
| 
|   ;
|   return 0;
| }
configure:13527: result: no
configure:13626: checking whether mprotect(2) is compilable
configure:13646: cc -o conftest -std=gnu11 -Wall -Wextra -Wsign-compare -Wundef -Wno-format-zero-length -Wpointer-arith -Wno-missing-braces -Wno-missing-field-initializers -Wno-missing-attributes -pipe -g3 -fvisibility=hidden -Wimplicit-fallthrough -O3 -funroll-loops -O0 -ffunction-sections -fdata-sections -fPIC -gdwarf-4 -fno-omit-frame-pointer -m64 -Wall -O0 -ffunction-sections -fdata-sections -fPIC -gdwarf-4 -fno-omit-frame-pointer -m64 -Wall -D_GNU_SOURCE -D_REENTRANT -O0 -ffunction-sections -fdata-sections -fPIC -gdwarf-4 -fno-omit-frame-pointer -m64 -Wall conftest.c -lm  -pthread >&5
configure:13646: $? = 0
configure:13654: result: yes
configure:13664: checking for __builtin_clz
configure:13693: cc -o conftest -std=gnu11 -Wall -Wextra -Wsign-compare -Wundef -Wno-format-zero-length -Wpointer-arith -Wno-missing-braces -Wno-missing-field-initializers -Wno-missing-attributes -pipe -g3 -fvisibility=hidden -Wimplicit-fallthrough -O3 -funroll-loops -O0 -ffunction-sections -fdata-sections -fPIC -gdwarf-4 -fno-omit-frame-pointer -m64 -Wall -O0 -ffunction-sections -fdata-sections -fPIC -gdwarf-4 -fno-omit-frame-pointer -m64 -Wall -D_GNU_SOURCE -D_REENTRANT -O0 -ffunction-sections -fdata-sections -fPIC -gdwarf-4 -fno-omit-frame-pointer -m64 -Wall conftest.c -lm  -pthread >&5
conftest.c: In function 'main':
conftest.c:102:61: warning: unused variable 'y' [-Wunused-variable]
  102 |                                                         int y = __builtin_clz(x);
      |                                                             ^
conftest.c:106:61: warning: unused variable 'y' [-Wunused-variable]
  106 |                                                         int y = __builtin_clzl(x);
      |                                                             ^
conftest.c:110:61: warning: unused variable 'y' [-Wunused-variable]
  110 |                                                         int y = __builtin_clzll(x);
      |                                                             ^
configure:13693: $? = 0
configure:13701: result: yes
configure:13712: checking whether Darwin os_unfair_lock_*() is compilable
configure:13739: cc -o conftest -std=gnu11 -Wall -Wextra -Wsign-compare -Wundef -Wno-format-zero-length -Wpointer-arith -Wno-missing-braces -Wno-missing-field-initializers -Wno-missing-attributes -pipe -g3 -fvisibility=hidden -Wimplicit-fallthrough -O3 -funroll-loops -O0 -ffunction-sections -fdata-sections -fPIC -gdwarf-4 -fno-omit-frame-pointer -m64 -Wall -O0 -ffunction-sections -fdata-sections -fPIC -gdwarf-4 -fno-omit-frame-pointer -m64 -Wall -D_GNU_SOURCE -D_REENTRANT -O0 -ffunction-sections -fdata-sections -fPIC -gdwarf-4 -fno-omit-frame-pointer -m64 -Wall conftest.c -lm  -pthread >&5
conftest.c:97:10: fatal error: os/lock.h: No such file or directory
   97 | #include <os/lock.h>
      |          ^~~~~~~~~~~
compilation terminated.
configure:13739: $? = 1
configure: failed program was:
| /* confdefs.h */
| #define PACKAGE_NAME ""
| #define PACKAGE_TARNAME ""
| #define PACKAGE_VERSION ""
| #define PACKAGE_STRING ""
| #define PACKAGE_BUGREPORT ""
| #define PACKAGE_URL ""
| #define JEMALLOC_HAS_RESTRICT
| #define STDC_HEADERS 1
| #define HAVE_SYS_TYPES_H 1
| #define HAVE_SYS_STAT_H 1
| #define HAVE_STDLIB_H 1
| #define HAVE_STRING_H 1
| #define HAVE_MEMORY_H 1
| #define HAVE_STRINGS_H 1
| #define HAVE_INTTYPES_H 1
| #define HAVE_STDINT_H 1
| #define HAVE_UNISTD_H 1
| #define SIZEOF_VOID_P 8
| #define LG_SIZEOF_PTR 3
| #define SIZEOF_INT 4
| #define LG_SIZEOF_INT 2
| #define SIZEOF_LONG 8
| #define LG_SIZEOF_LONG 3
| #define SIZEOF_LONG_LONG 8
| #define LG_SIZEOF_LONG_LONG 3
| #define SIZEOF_INTMAX_T 8
| #define LG_SIZEOF_INTMAX_T 3
| #define HAVE_CPU_SPINWAIT 1
| #define CPU_SPINWAIT __asm__ volatile("pause")
| #define LG_VADDR 48
| #define LG_VADDR 48
| #define JEMALLOC_PURGE_MADVISE_DONTNEED_ZEROS  
| #define JEMALLOC_HAS_ALLOCA_H  
| #define JEMALLOC_PROC_SYS_VM_OVERCOMMIT_MEMORY  
| #define JEMALLOC_THREADED_INIT  
| #define JEMALLOC_USE_CXX_THROW  
| #define HAVE_MALLOC_H 1
| #define JEMALLOC_USABLE_SIZE_CONST 
| #define JEMALLOC_HAVE_ATTR  
| #define JEMALLOC_HAVE_ATTR_ALLOC_SIZE  
| #define JEMALLOC_HAVE_ATTR_FORMAT_GNU_PRINTF  
| #define JEMALLOC_HAVE_ATTR_FORMAT_PRINTF  
| #define JEMALLOC_HAVE_ATTR_FORMAT_ARG  
| #define JEMALLOC_HAVE_ATTR_FALLTHROUGH  
| #define JEMALLOC_HAVE_ATTR_COLD  
| #define JEMALLOC_PREFIX "_rjem_"
| #define JEMALLOC_CPREFIX "_RJEM_"
| #define JEMALLOC_OVERRIDE_MEMALIGN  
| #define JEMALLOC_OVERRIDE_VALLOC  
| #define JEMALLOC_PRIVATE_NAMESPACE _rjem_je_
| #define JEMALLOC_CONFIG_MALLOC_CONF ""
| #define JEMALLOC_MAPS_COALESCE  
| #define JEMALLOC_RETAIN  
| #define JEMALLOC_ZERO_REALLOC_DEFAULT_FREE  
| #define JEMALLOC_DSS  
| #define JEMALLOC_FILL  
| #define JEMALLOC_CACHE_OBLIVIOUS  
| #define JEMALLOC_INTERNAL_UNREACHABLE __builtin_unreachable
| #define JEMALLOC_INTERNAL_FFSLL __builtin_ffsll
| #define JEMALLOC_INTERNAL_FFSL __builtin_ffsl
| #define JEMALLOC_INTERNAL_FFS __builtin_ffs
| #define JEMALLOC_INTERNAL_POPCOUNT __builtin_popcount
| #define JEMALLOC_INTERNAL_POPCOUNTL __builtin_popcountl
| #define JEMALLOC_INTERNAL_POPCOUNTLL __builtin_popcountll
| #define LG_PAGE 12
| #define LG_HUGEPAGE 21
| #define JEMALLOC_HAVE_PTHREAD  
| #define HAVE_PTHREAD_H 1
| #define HAVE_DLFCN_H 1
| #define JEMALLOC_HAVE_DLSYM  
| #define JEMALLOC_HAVE_PTHREAD_ATFORK  
| #define JEMALLOC_HAVE_PTHREAD_SETNAME_NP  
| #define JEMALLOC_HAVE_PTHREAD_GETNAME_NP  
| #define JEMALLOC_HAVE_CLOCK_MONOTONIC_COARSE  
| #define JEMALLOC_HAVE_CLOCK_MONOTONIC  
| #define JEMALLOC_HAVE_CLOCK_REALTIME  
| #define JEMALLOC_USE_SYSCALL  
| #define JEMALLOC_HAVE_SECURE_GETENV  
| #define JEMALLOC_HAVE_SCHED_GETCPU  
| #define JEMALLOC_HAVE_SCHED_SETAFFINITY  
| #define JEMALLOC_TLS
| #define JEMALLOC_C11_ATOMICS  
| #define JEMALLOC_GCC_ATOMIC_ATOMICS  
| #define JEMALLOC_GCC_U8_ATOMIC_ATOMICS  
| #define JEMALLOC_GCC_SYNC_ATOMICS  
| #define JEMALLOC_GCC_U8_SYNC_ATOMICS  
| #define JEMALLOC_HAVE_MADVISE  
| #define JEMALLOC_PURGE_MADVISE_FREE  
| #define JEMALLOC_PURGE_MADVISE_DONTNEED  
| #define JEMALLOC_MADVISE_DONTDUMP  
| #define JEMALLOC_HAVE_MADVISE_HUGE  
| #define JEMALLOC_HAVE_MPROTECT  
| #define JEMALLOC_HAVE_BUILTIN_CLZ  
| /* end confdefs.h.  */
| 
| #include <os/lock.h>
| #include <AvailabilityMacros.h>
| 
| int
| main ()
| {
| 
| 	#if MAC_OS_X_VERSION_MIN_REQUIRED < 101200
| 	#error "os_unfair_lock is not supported"
| 	#else
| 	os_unfair_lock lock = OS_UNFAIR_LOCK_INIT;
| 	os_unfair_lock_lock(&lock);
| 	os_unfair_lock_unlock(&lock);
| 	#endif
| 
|   ;
|   return 0;
| }
configure:13747: result: no
configure:13821: checking whether glibc malloc hook is compilable
configure:13848: cc -o conftest -std=gnu11 -Wall -Wextra -Wsign-compare -Wundef -Wno-format-zero-length -Wpointer-arith -Wno-missing-braces -Wno-missing-field-initializers -Wno-missing-attributes -pipe -g3 -fvisibility=hidden -Wimplicit-fallthrough -O3 -funroll-loops -O0 -ffunction-sections -fdata-sections -fPIC -gdwarf-4 -fno-omit-frame-pointer -m64 -Wall -O0 -ffunction-sections -fdata-sections -fPIC -gdwarf-4 -fno-omit-frame-pointer -m64 -Wall -D_GNU_SOURCE -D_REENTRANT -O0 -ffunction-sections -fdata-sections -fPIC -gdwarf-4 -fno-omit-frame-pointer -m64 -Wall conftest.c -lm  -pthread >&5
/usr/bin/ld: /home/runner/work/buckal_workspace/buckal_workspace/test/3rd/fd/buck-out/v2/tmp/root/e51fa9e9ecb67d13/buildscript/ccYhMwyl.o: in function `main':
/home/runner/work/buckal_workspace/buckal_workspace/test/3rd/fd/buck-out/v2/gen/root/fecc77911dff3f64/third-party/rust/crates/tikv-jemalloc-sys/0.6.0+5.3.0-1-ge13ca993e8ccb9ba9847cc330696e02839f328f7/__tikv-jemalloc-sys-build-script-run__/OUT_DIR/build/conftest.c:110:(.text.main+0x17): undefined reference to `__malloc_hook'
/usr/bin/ld: /home/runner/work/buckal_workspace/buckal_workspace/test/3rd/fd/buck-out/v2/gen/root/fecc77911dff3f64/third-party/rust/crates/tikv-jemalloc-sys/0.6.0+5.3.0-1-ge13ca993e8ccb9ba9847cc330696e02839f328f7/__tikv-jemalloc-sys-build-script-run__/OUT_DIR/build/conftest.c:110:(.text.main+0x26): undefined reference to `__malloc_hook'
/usr/bin/ld: /home/runner/work/buckal_workspace/buckal_workspace/test/3rd/fd/buck-out/v2/gen/root/fecc77911dff3f64/third-party/rust/crates/tikv-jemalloc-sys/0.6.0+5.3.0-1-ge13ca993e8ccb9ba9847cc330696e02839f328f7/__tikv-jemalloc-sys-build-script-run__/OUT_DIR/build/conftest.c:111:(.text.main+0x3b): undefined reference to `__realloc_hook'
/usr/bin/ld: /home/runner/work/buckal_workspace/buckal_workspace/test/3rd/fd/buck-out/v2/gen/root/fecc77911dff3f64/third-party/rust/crates/tikv-jemalloc-sys/0.6.0+5.3.0-1-ge13ca993e8ccb9ba9847cc330696e02839f328f7/__tikv-jemalloc-sys-build-script-run__/OUT_DIR/build/conftest.c:111:(.text.main+0x4a): undefined reference to `__realloc_hook'
/usr/bin/ld: /home/runner/work/buckal_workspace/buckal_workspace/test/3rd/fd/buck-out/v2/gen/root/fecc77911dff3f64/third-party/rust/crates/tikv-jemalloc-sys/0.6.0+5.3.0-1-ge13ca993e8ccb9ba9847cc330696e02839f328f7/__tikv-jemalloc-sys-build-script-run__/OUT_DIR/build/conftest.c:112:(.text.main+0x66): undefined reference to `__free_hook'
/usr/bin/ld: /home/runner/work/buckal_workspace/buckal_workspace/test/3rd/fd/buck-out/v2/gen/root/fecc77911dff3f64/third-party/rust/crates/tikv-jemalloc-sys/0.6.0+5.3.0-1-ge13ca993e8ccb9ba9847cc330696e02839f328f7/__tikv-jemalloc-sys-build-script-run__/OUT_DIR/build/conftest.c:112:(.text.main+0x7c): undefined reference to `__free_hook'
collect2: error: ld returned 1 exit status
configure:13848: $? = 1
configure: failed program was:
| /* confdefs.h */
| #define PACKAGE_NAME ""
| #define PACKAGE_TARNAME ""
| #define PACKAGE_VERSION ""
| #define PACKAGE_STRING ""
| #define PACKAGE_BUGREPORT ""
| #define PACKAGE_URL ""
| #define JEMALLOC_HAS_RESTRICT
| #define STDC_HEADERS 1
| #define HAVE_SYS_TYPES_H 1
| #define HAVE_SYS_STAT_H 1
| #define HAVE_STDLIB_H 1
| #define HAVE_STRING_H 1
| #define HAVE_MEMORY_H 1
| #define HAVE_STRINGS_H 1
| #define HAVE_INTTYPES_H 1
| #define HAVE_STDINT_H 1
| #define HAVE_UNISTD_H 1
| #define SIZEOF_VOID_P 8
| #define LG_SIZEOF_PTR 3
| #define SIZEOF_INT 4
| #define LG_SIZEOF_INT 2
| #define SIZEOF_LONG 8
| #define LG_SIZEOF_LONG 3
| #define SIZEOF_LONG_LONG 8
| #define LG_SIZEOF_LONG_LONG 3
| #define SIZEOF_INTMAX_T 8
| #define LG_SIZEOF_INTMAX_T 3
| #define HAVE_CPU_SPINWAIT 1
| #define CPU_SPINWAIT __asm__ volatile("pause")
| #define LG_VADDR 48
| #define LG_VADDR 48
| #define JEMALLOC_PURGE_MADVISE_DONTNEED_ZEROS  
| #define JEMALLOC_HAS_ALLOCA_H  
| #define JEMALLOC_PROC_SYS_VM_OVERCOMMIT_MEMORY  
| #define JEMALLOC_THREADED_INIT  
| #define JEMALLOC_USE_CXX_THROW  
| #define HAVE_MALLOC_H 1
| #define JEMALLOC_USABLE_SIZE_CONST 
| #define JEMALLOC_HAVE_ATTR  
| #define JEMALLOC_HAVE_ATTR_ALLOC_SIZE  
| #define JEMALLOC_HAVE_ATTR_FORMAT_GNU_PRINTF  
| #define JEMALLOC_HAVE_ATTR_FORMAT_PRINTF  
| #define JEMALLOC_HAVE_ATTR_FORMAT_ARG  
| #define JEMALLOC_HAVE_ATTR_FALLTHROUGH  
| #define JEMALLOC_HAVE_ATTR_COLD  
| #define JEMALLOC_PREFIX "_rjem_"
| #define JEMALLOC_CPREFIX "_RJEM_"
| #define JEMALLOC_OVERRIDE_MEMALIGN  
| #define JEMALLOC_OVERRIDE_VALLOC  
| #define JEMALLOC_PRIVATE_NAMESPACE _rjem_je_
| #define JEMALLOC_CONFIG_MALLOC_CONF ""
| #define JEMALLOC_MAPS_COALESCE  
| #define JEMALLOC_RETAIN  
| #define JEMALLOC_ZERO_REALLOC_DEFAULT_FREE  
| #define JEMALLOC_DSS  
| #define JEMALLOC_FILL  
| #define JEMALLOC_CACHE_OBLIVIOUS  
| #define JEMALLOC_INTERNAL_UNREACHABLE __builtin_unreachable
| #define JEMALLOC_INTERNAL_FFSLL __builtin_ffsll
| #define JEMALLOC_INTERNAL_FFSL __builtin_ffsl
| #define JEMALLOC_INTERNAL_FFS __builtin_ffs
| #define JEMALLOC_INTERNAL_POPCOUNT __builtin_popcount
| #define JEMALLOC_INTERNAL_POPCOUNTL __builtin_popcountl
| #define JEMALLOC_INTERNAL_POPCOUNTLL __builtin_popcountll
| #define LG_PAGE 12
| #define LG_HUGEPAGE 21
| #define JEMALLOC_HAVE_PTHREAD  
| #define HAVE_PTHREAD_H 1
| #define HAVE_DLFCN_H 1
| #define JEMALLOC_HAVE_DLSYM  
| #define JEMALLOC_HAVE_PTHREAD_ATFORK  
| #define JEMALLOC_HAVE_PTHREAD_SETNAME_NP  
| #define JEMALLOC_HAVE_PTHREAD_GETNAME_NP  
| #define JEMALLOC_HAVE_CLOCK_MONOTONIC_COARSE  
| #define JEMALLOC_HAVE_CLOCK_MONOTONIC  
| #define JEMALLOC_HAVE_CLOCK_REALTIME  
| #define JEMALLOC_USE_SYSCALL  
| #define JEMALLOC_HAVE_SECURE_GETENV  
| #define JEMALLOC_HAVE_SCHED_GETCPU  
| #define JEMALLOC_HAVE_SCHED_SETAFFINITY  
| #define JEMALLOC_TLS
| #define JEMALLOC_C11_ATOMICS  
| #define JEMALLOC_GCC_ATOMIC_ATOMICS  
| #define JEMALLOC_GCC_U8_ATOMIC_ATOMICS  
| #define JEMALLOC_GCC_SYNC_ATOMICS  
| #define JEMALLOC_GCC_U8_SYNC_ATOMICS  
| #define JEMALLOC_HAVE_MADVISE  
| #define JEMALLOC_PURGE_MADVISE_FREE  
| #define JEMALLOC_PURGE_MADVISE_DONTNEED  
| #define JEMALLOC_MADVISE_DONTDUMP  
| #define JEMALLOC_HAVE_MADVISE_HUGE  
| #define JEMALLOC_HAVE_MPROTECT  
| #define JEMALLOC_HAVE_BUILTIN_CLZ  
| #define JEMALLOC_TLS_MODEL __attribute__((tls_model("initial-exec")))
| #define JEMALLOC_BACKGROUND_THREAD  
| /* end confdefs.h.  */
| 
|   #include <stddef.h>
| 
|   extern void (* __free_hook)(void *ptr);
|   extern void *(* __malloc_hook)(size_t size);
|   extern void *(* __realloc_hook)(void *ptr, size_t size);
| 
| int
| main ()
| {
| 
|     void *ptr = 0L;
|     if (__malloc_hook) ptr = __malloc_hook(1);
|     if (__realloc_hook) ptr = __realloc_hook(ptr, 2);
|     if (__free_hook && ptr) __free_hook(ptr);
| 
|   ;
|   return 0;
| }
configure:13856: result: no
configure:13869: checking whether glibc memalign hook is compilable
configure:13892: cc -o conftest -std=gnu11 -Wall -Wextra -Wsign-compare -Wundef -Wno-format-zero-length -Wpointer-arith -Wno-missing-braces -Wno-missing-field-initializers -Wno-missing-attributes -pipe -g3 -fvisibility=hidden -Wimplicit-fallthrough -O3 -funroll-loops -O0 -ffunction-sections -fdata-sections -fPIC -gdwarf-4 -fno-omit-frame-pointer -m64 -Wall -O0 -ffunction-sections -fdata-sections -fPIC -gdwarf-4 -fno-omit-frame-pointer -m64 -Wall -D_GNU_SOURCE -D_REENTRANT -O0 -ffunction-sections -fdata-sections -fPIC -gdwarf-4 -fno-omit-frame-pointer -m64 -Wall conftest.c -lm  -pthread >&5
conftest.c: In function 'main':
conftest.c:107:11: warning: variable 'ptr' set but not used [-Wunused-but-set-variable]
  107 |     void *ptr = 0L;
      |           ^~~
/usr/bin/ld: /home/runner/work/buckal_workspace/buckal_workspace/test/3rd/fd/buck-out/v2/tmp/root/e51fa9e9ecb67d13/buildscript/ccxcOQZp.o: in function `main':
/home/runner/work/buckal_workspace/buckal_workspace/test/3rd/fd/buck-out/v2/gen/root/fecc77911dff3f64/third-party/rust/crates/tikv-jemalloc-sys/0.6.0+5.3.0-1-ge13ca993e8ccb9ba9847cc330696e02839f328f7/__tikv-jemalloc-sys-build-script-run__/OUT_DIR/build/conftest.c:108:(.text.main+0x17): undefined reference to `__memalign_hook'
/usr/bin/ld: /home/runner/work/buckal_workspace/buckal_workspace/test/3rd/fd/buck-out/v2/gen/root/fecc77911dff3f64/third-party/rust/crates/tikv-jemalloc-sys/0.6.0+5.3.0-1-ge13ca993e8ccb9ba9847cc330696e02839f328f7/__tikv-jemalloc-sys-build-script-run__/OUT_DIR/build/conftest.c:108:(.text.main+0x26): undefined reference to `__memalign_hook'
collect2: error: ld returned 1 exit status
configure:13892: $? = 1
configure: failed program was:
| /* confdefs.h */
| #define PACKAGE_NAME ""
| #define PACKAGE_TARNAME ""
| #define PACKAGE_VERSION ""
| #define PACKAGE_STRING ""
| #define PACKAGE_BUGREPORT ""
| #define PACKAGE_URL ""
| #define JEMALLOC_HAS_RESTRICT
| #define STDC_HEADERS 1
| #define HAVE_SYS_TYPES_H 1
| #define HAVE_SYS_STAT_H 1
| #define HAVE_STDLIB_H 1
| #define HAVE_STRING_H 1
| #define HAVE_MEMORY_H 1
| #define HAVE_STRINGS_H 1
| #define HAVE_INTTYPES_H 1
| #define HAVE_STDINT_H 1
| #define HAVE_UNISTD_H 1
| #define SIZEOF_VOID_P 8
| #define LG_SIZEOF_PTR 3
| #define SIZEOF_INT 4
| #define LG_SIZEOF_INT 2
| #define SIZEOF_LONG 8
| #define LG_SIZEOF_LONG 3
| #define SIZEOF_LONG_LONG 8
| #define LG_SIZEOF_LONG_LONG 3
| #define SIZEOF_INTMAX_T 8
| #define LG_SIZEOF_INTMAX_T 3
| #define HAVE_CPU_SPINWAIT 1
| #define CPU_SPINWAIT __asm__ volatile("pause")
| #define LG_VADDR 48
| #define LG_VADDR 48
| #define JEMALLOC_PURGE_MADVISE_DONTNEED_ZEROS  
| #define JEMALLOC_HAS_ALLOCA_H  
| #define JEMALLOC_PROC_SYS_VM_OVERCOMMIT_MEMORY  
| #define JEMALLOC_THREADED_INIT  
| #define JEMALLOC_USE_CXX_THROW  
| #define HAVE_MALLOC_H 1
| #define JEMALLOC_USABLE_SIZE_CONST 
| #define JEMALLOC_HAVE_ATTR  
| #define JEMALLOC_HAVE_ATTR_ALLOC_SIZE  
| #define JEMALLOC_HAVE_ATTR_FORMAT_GNU_PRINTF  
| #define JEMALLOC_HAVE_ATTR_FORMAT_PRINTF  
| #define JEMALLOC_HAVE_ATTR_FORMAT_ARG  
| #define JEMALLOC_HAVE_ATTR_FALLTHROUGH  
| #define JEMALLOC_HAVE_ATTR_COLD  
| #define JEMALLOC_PREFIX "_rjem_"
| #define JEMALLOC_CPREFIX "_RJEM_"
| #define JEMALLOC_OVERRIDE_MEMALIGN  
| #define JEMALLOC_OVERRIDE_VALLOC  
| #define JEMALLOC_PRIVATE_NAMESPACE _rjem_je_
| #define JEMALLOC_CONFIG_MALLOC_CONF ""
| #define JEMALLOC_MAPS_COALESCE  
| #define JEMALLOC_RETAIN  
| #define JEMALLOC_ZERO_REALLOC_DEFAULT_FREE  
| #define JEMALLOC_DSS  
| #define JEMALLOC_FILL  
| #define JEMALLOC_CACHE_OBLIVIOUS  
| #define JEMALLOC_INTERNAL_UNREACHABLE __builtin_unreachable
| #define JEMALLOC_INTERNAL_FFSLL __builtin_ffsll
| #define JEMALLOC_INTERNAL_FFSL __builtin_ffsl
| #define JEMALLOC_INTERNAL_FFS __builtin_ffs
| #define JEMALLOC_INTERNAL_POPCOUNT __builtin_popcount
| #define JEMALLOC_INTERNAL_POPCOUNTL __builtin_popcountl
| #define JEMALLOC_INTERNAL_POPCOUNTLL __builtin_popcountll
| #define LG_PAGE 12
| #define LG_HUGEPAGE 21
| #define JEMALLOC_HAVE_PTHREAD  
| #define HAVE_PTHREAD_H 1
| #define HAVE_DLFCN_H 1
| #define JEMALLOC_HAVE_DLSYM  
| #define JEMALLOC_HAVE_PTHREAD_ATFORK  
| #define JEMALLOC_HAVE_PTHREAD_SETNAME_NP  
| #define JEMALLOC_HAVE_PTHREAD_GETNAME_NP  
| #define JEMALLOC_HAVE_CLOCK_MONOTONIC_COARSE  
| #define JEMALLOC_HAVE_CLOCK_MONOTONIC  
| #define JEMALLOC_HAVE_CLOCK_REALTIME  
| #define JEMALLOC_USE_SYSCALL  
| #define JEMALLOC_HAVE_SECURE_GETENV  
| #define JEMALLOC_HAVE_SCHED_GETCPU  
| #define JEMALLOC_HAVE_SCHED_SETAFFINITY  
| #define JEMALLOC_TLS
| #define JEMALLOC_C11_ATOMICS  
| #define JEMALLOC_GCC_ATOMIC_ATOMICS  
| #define JEMALLOC_GCC_U8_ATOMIC_ATOMICS  
| #define JEMALLOC_GCC_SYNC_ATOMICS  
| #define JEMALLOC_GCC_U8_SYNC_ATOMICS  
| #define JEMALLOC_HAVE_MADVISE  
| #define JEMALLOC_PURGE_MADVISE_FREE  
| #define JEMALLOC_PURGE_MADVISE_DONTNEED  
| #define JEMALLOC_MADVISE_DONTDUMP  
| #define JEMALLOC_HAVE_MADVISE_HUGE  
| #define JEMALLOC_HAVE_MPROTECT  
| #define JEMALLOC_HAVE_BUILTIN_CLZ  
| #define JEMALLOC_TLS_MODEL __attribute__((tls_model("initial-exec")))
| #define JEMALLOC_BACKGROUND_THREAD  
| /* end confdefs.h.  */
| 
|   #include <stddef.h>
| 
|   extern void *(* __memalign_hook)(size_t alignment, size_t size);
| 
| int
| main ()
| {
| 
|     void *ptr = 0L;
|     if (__memalign_hook) ptr = __memalign_hook(16, 7);
| 
|   ;
|   return 0;
| }
configure:13900: result: no
configure:13914: checking whether pthreads adaptive mutexes is compilable
configure:13937: cc -o conftest -std=gnu11 -Wall -Wextra -Wsign-compare -Wundef -Wno-format-zero-length -Wpointer-arith -Wno-missing-braces -Wno-missing-field-initializers -Wno-missing-attributes -pipe -g3 -fvisibility=hidden -Wimplicit-fallthrough -O3 -funroll-loops -O0 -ffunction-sections -fdata-sections -fPIC -gdwarf-4 -fno-omit-frame-pointer -m64 -Wall -O0 -ffunction-sections -fdata-sections -fPIC -gdwarf-4 -fno-omit-frame-pointer -m64 -Wall -D_GNU_SOURCE -D_REENTRANT -O0 -ffunction-sections -fdata-sections -fPIC -gdwarf-4 -fno-omit-frame-pointer -m64 -Wall conftest.c -lm  -pthread >&5
configure:13937: $? = 0
configure:13945: result: yes
configure:13957: checking whether compiler supports -D_GNU_SOURCE
configure:13988: cc -c -std=gnu11 -Wall -Wextra -Wsign-compare -Wundef -Wno-format-zero-length -Wpointer-arith -Wno-missing-braces -Wno-missing-field-initializers -Wno-missing-attributes -pipe -g3 -fvisibility=hidden -Wimplicit-fallthrough -O3 -funroll-loops -D_GNU_SOURCE -O0 -ffunction-sections -fdata-sections -fPIC -gdwarf-4 -fno-omit-frame-pointer -m64 -Wall -O0 -ffunction-sections -fdata-sections -fPIC -gdwarf-4 -fno-omit-frame-pointer -m64 -Wall -D_GNU_SOURCE -D_REENTRANT conftest.c >&5
configure:13988: $? = 0
configure:13990: result: yes
configure:14008: checking whether compiler supports -Werror
configure:14039: cc -c -std=gnu11 -Wall -Wextra -Wsign-compare -Wundef -Wno-format-zero-length -Wpointer-arith -Wno-missing-braces -Wno-missing-field-initializers -Wno-missing-attributes -pipe -g3 -fvisibility=hidden -Wimplicit-fallthrough -O3 -funroll-loops -D_GNU_SOURCE -Werror -O0 -ffunction-sections -fdata-sections -fPIC -gdwarf-4 -fno-omit-frame-pointer -m64 -Wall -O0 -ffunction-sections -fdata-sections -fPIC -gdwarf-4 -fno-omit-frame-pointer -m64 -Wall -D_GNU_SOURCE -D_REENTRANT conftest.c >&5
configure:14039: $? = 0
configure:14041: result: yes
configure:14059: checking whether compiler supports -herror_on_warning
configure:14090: cc -c -std=gnu11 -Wall -Wextra -Wsign-compare -Wundef -Wno-format-zero-length -Wpointer-arith -Wno-missing-braces -Wno-missing-field-initializers -Wno-missing-attributes -pipe -g3 -fvisibility=hidden -Wimplicit-fallthrough -O3 -funroll-loops -D_GNU_SOURCE -Werror -herror_on_warning -O0 -ffunction-sections -fdata-sections -fPIC -gdwarf-4 -fno-omit-frame-pointer -m64 -Wall -O0 -ffunction-sections -fdata-sections -fPIC -gdwarf-4 -fno-omit-frame-pointer -m64 -Wall -D_GNU_SOURCE -D_REENTRANT conftest.c >&5
cc: error: unrecognized command-line option '-h'
configure:14090: $? = 1
configure: failed program was:
| /* confdefs.h */
| #define PACKAGE_NAME ""
| #define PACKAGE_TARNAME ""
| #define PACKAGE_VERSION ""
| #define PACKAGE_STRING ""
| #define PACKAGE_BUGREPORT ""
| #define PACKAGE_URL ""
| #define JEMALLOC_HAS_RESTRICT
| #define STDC_HEADERS 1
| #define HAVE_SYS_TYPES_H 1
| #define HAVE_SYS_STAT_H 1
| #define HAVE_STDLIB_H 1
| #define HAVE_STRING_H 1
| #define HAVE_MEMORY_H 1
| #define HAVE_STRINGS_H 1
| #define HAVE_INTTYPES_H 1
| #define HAVE_STDINT_H 1
| #define HAVE_UNISTD_H 1
| #define SIZEOF_VOID_P 8
| #define LG_SIZEOF_PTR 3
| #define SIZEOF_INT 4
| #define LG_SIZEOF_INT 2
| #define SIZEOF_LONG 8
| #define LG_SIZEOF_LONG 3
| #define SIZEOF_LONG_LONG 8
| #define LG_SIZEOF_LONG_LONG 3
| #define SIZEOF_INTMAX_T 8
| #define LG_SIZEOF_INTMAX_T 3
| #define HAVE_CPU_SPINWAIT 1
| #define CPU_SPINWAIT __asm__ volatile("pause")
| #define LG_VADDR 48
| #define LG_VADDR 48
| #define JEMALLOC_PURGE_MADVISE_DONTNEED_ZEROS  
| #define JEMALLOC_HAS_ALLOCA_H  
| #define JEMALLOC_PROC_SYS_VM_OVERCOMMIT_MEMORY  
| #define JEMALLOC_THREADED_INIT  
| #define JEMALLOC_USE_CXX_THROW  
| #define HAVE_MALLOC_H 1
| #define JEMALLOC_USABLE_SIZE_CONST 
| #define JEMALLOC_HAVE_ATTR  
| #define JEMALLOC_HAVE_ATTR_ALLOC_SIZE  
| #define JEMALLOC_HAVE_ATTR_FORMAT_GNU_PRINTF  
| #define JEMALLOC_HAVE_ATTR_FORMAT_PRINTF  
| #define JEMALLOC_HAVE_ATTR_FORMAT_ARG  
| #define JEMALLOC_HAVE_ATTR_FALLTHROUGH  
| #define JEMALLOC_HAVE_ATTR_COLD  
| #define JEMALLOC_PREFIX "_rjem_"
| #define JEMALLOC_CPREFIX "_RJEM_"
| #define JEMALLOC_OVERRIDE_MEMALIGN  
| #define JEMALLOC_OVERRIDE_VALLOC  
| #define JEMALLOC_PRIVATE_NAMESPACE _rjem_je_
| #define JEMALLOC_CONFIG_MALLOC_CONF ""
| #define JEMALLOC_MAPS_COALESCE  
| #define JEMALLOC_RETAIN  
| #define JEMALLOC_ZERO_REALLOC_DEFAULT_FREE  
| #define JEMALLOC_DSS  
| #define JEMALLOC_FILL  
| #define JEMALLOC_CACHE_OBLIVIOUS  
| #define JEMALLOC_INTERNAL_UNREACHABLE __builtin_unreachable
| #define JEMALLOC_INTERNAL_FFSLL __builtin_ffsll
| #define JEMALLOC_INTERNAL_FFSL __builtin_ffsl
| #define JEMALLOC_INTERNAL_FFS __builtin_ffs
| #define JEMALLOC_INTERNAL_POPCOUNT __builtin_popcount
| #define JEMALLOC_INTERNAL_POPCOUNTL __builtin_popcountl
| #define JEMALLOC_INTERNAL_POPCOUNTLL __builtin_popcountll
| #define LG_PAGE 12
| #define LG_HUGEPAGE 21
| #define JEMALLOC_HAVE_PTHREAD  
| #define HAVE_PTHREAD_H 1
| #define HAVE_DLFCN_H 1
| #define JEMALLOC_HAVE_DLSYM  
| #define JEMALLOC_HAVE_PTHREAD_ATFORK  
| #define JEMALLOC_HAVE_PTHREAD_SETNAME_NP  
| #define JEMALLOC_HAVE_PTHREAD_GETNAME_NP  
| #define JEMALLOC_HAVE_CLOCK_MONOTONIC_COARSE  
| #define JEMALLOC_HAVE_CLOCK_MONOTONIC  
| #define JEMALLOC_HAVE_CLOCK_REALTIME  
| #define JEMALLOC_USE_SYSCALL  
| #define JEMALLOC_HAVE_SECURE_GETENV  
| #define JEMALLOC_HAVE_SCHED_GETCPU  
| #define JEMALLOC_HAVE_SCHED_SETAFFINITY  
| #define JEMALLOC_TLS
| #define JEMALLOC_C11_ATOMICS  
| #define JEMALLOC_GCC_ATOMIC_ATOMICS  
| #define JEMALLOC_GCC_U8_ATOMIC_ATOMICS  
| #define JEMALLOC_GCC_SYNC_ATOMICS  
| #define JEMALLOC_GCC_U8_SYNC_ATOMICS  
| #define JEMALLOC_HAVE_MADVISE  
| #define JEMALLOC_PURGE_MADVISE_FREE  
| #define JEMALLOC_PURGE_MADVISE_DONTNEED  
| #define JEMALLOC_MADVISE_DONTDUMP  
| #define JEMALLOC_HAVE_MADVISE_HUGE  
| #define JEMALLOC_HAVE_MPROTECT  
| #define JEMALLOC_HAVE_BUILTIN_CLZ  
| #define JEMALLOC_TLS_MODEL __attribute__((tls_model("initial-exec")))
| #define JEMALLOC_BACKGROUND_THREAD  
| #define JEMALLOC_HAVE_PTHREAD_MUTEX_ADAPTIVE_NP  
| /* end confdefs.h.  */
| 
| 
| int
| main ()
| {
| 
|     return 0;
| 
|   ;
|   return 0;
| }
configure:14096: result: no
configure:14110: checking whether strerror_r returns char with gnu source is compilable
configure:14135: cc -o conftest -std=gnu11 -Wall -Wextra -Wsign-compare -Wundef -Wno-format-zero-length -Wpointer-arith -Wno-missing-braces -Wno-missing-field-initializers -Wno-missing-attributes -pipe -g3 -fvisibility=hidden -Wimplicit-fallthrough -O3 -funroll-loops -D_GNU_SOURCE -Werror -O0 -ffunction-sections -fdata-sections -fPIC -gdwarf-4 -fno-omit-frame-pointer -m64 -Wall -O0 -ffunction-sections -fdata-sections -fPIC -gdwarf-4 -fno-omit-frame-pointer -m64 -Wall -D_GNU_SOURCE -D_REENTRANT -O0 -ffunction-sections -fdata-sections -fPIC -gdwarf-4 -fno-omit-frame-pointer -m64 -Wall conftest.c -lm  -pthread >&5
configure:14135: $? = 0
configure:14143: result: yes
configure:14160: checking for stdbool.h that conforms to C99
configure:14227: cc -c -std=gnu11 -Wall -Wextra -Wsign-compare -Wundef -Wno-format-zero-length -Wpointer-arith -Wno-missing-braces -Wno-missing-field-initializers -Wno-missing-attributes -pipe -g3 -fvisibility=hidden -Wimplicit-fallthrough -O3 -funroll-loops -O0 -ffunction-sections -fdata-sections -fPIC -gdwarf-4 -fno-omit-frame-pointer -m64 -Wall -O0 -ffunction-sections -fdata-sections -fPIC -gdwarf-4 -fno-omit-frame-pointer -m64 -Wall -D_GNU_SOURCE -D_REENTRANT conftest.c >&5
conftest.c: In function 'main':
conftest.c:149:14: warning: the address of 's' will always evaluate as 'true' [-Waddress]
  149 |              bool e = &s;
      |              ^~~~
conftest.c:153:22: warning: the address of 'a' will always evaluate as 'true' [-Waddress]
  153 |              return (!a + !b + !c + !d + !e + !f + !g + !h + !i + !!j + !k + !!l
      |                      ^
conftest.c:153:27: warning: the address of 'b' will always evaluate as 'true' [-Waddress]
  153 |              return (!a + !b + !c + !d + !e + !f + !g + !h + !i + !!j + !k + !!l
      |                           ^
conftest.c:153:32: warning: the address of 'c' will always evaluate as 'true' [-Waddress]
  153 |              return (!a + !b + !c + !d + !e + !f + !g + !h + !i + !!j + !k + !!l
      |                                ^
conftest.c:153:37: warning: the address of 'd' will always evaluate as 'true' [-Waddress]
  153 |              return (!a + !b + !c + !d + !e + !f + !g + !h + !i + !!j + !k + !!l
      |                                     ^
conftest.c:153:47: warning: the address of 'f' will always evaluate as 'true' [-Waddress]
  153 |              return (!a + !b + !c + !d + !e + !f + !g + !h + !i + !!j + !k + !!l
      |                                               ^
conftest.c:153:52: warning: the address of 'g' will always evaluate as 'true' [-Waddress]
  153 |              return (!a + !b + !c + !d + !e + !f + !g + !h + !i + !!j + !k + !!l
      |                                                    ^
conftest.c:153:57: warning: the address of 'h' will always evaluate as 'true' [-Waddress]
  153 |              return (!a + !b + !c + !d + !e + !f + !g + !h + !i + !!j + !k + !!l
      |                                                         ^
conftest.c:153:62: warning: the address of 'i' will always evaluate as 'true' [-Waddress]
  153 |              return (!a + !b + !c + !d + !e + !f + !g + !h + !i + !!j + !k + !!l
      |                                                              ^
conftest.c:154:29: warning: the address of 'n' will always evaluate as 'true' [-Waddress]
  154 |                      + !m + !n + !o + !p + !q + !pq);
      |                             ^
conftest.c:154:34: warning: the address of 'o' will always evaluate as 'true' [-Waddress]
  154 |                      + !m + !n + !o + !p + !q + !pq);
      |                                  ^
conftest.c:154:39: warning: the address of 'p' will always evaluate as 'true' [-Waddress]
  154 |                      + !m + !n + !o + !p + !q + !pq);
      |                                       ^
configure:14227: $? = 0
configure:14234: result: yes
configure:14236: checking for _Bool
configure:14236: cc -c -std=gnu11 -Wall -Wextra -Wsign-compare -Wundef -Wno-format-zero-length -Wpointer-arith -Wno-missing-braces -Wno-missing-field-initializers -Wno-missing-attributes -pipe -g3 -fvisibility=hidden -Wimplicit-fallthrough -O3 -funroll-loops -O0 -ffunction-sections -fdata-sections -fPIC -gdwarf-4 -fno-omit-frame-pointer -m64 -Wall -O0 -ffunction-sections -fdata-sections -fPIC -gdwarf-4 -fno-omit-frame-pointer -m64 -Wall -D_GNU_SOURCE -D_REENTRANT conftest.c >&5
configure:14236: $? = 0
configure:14236: cc -c -std=gnu11 -Wall -Wextra -Wsign-compare -Wundef -Wno-format-zero-length -Wpointer-arith -Wno-missing-braces -Wno-missing-field-initializers -Wno-missing-attributes -pipe -g3 -fvisibility=hidden -Wimplicit-fallthrough -O3 -funroll-loops -O0 -ffunction-sections -fdata-sections -fPIC -gdwarf-4 -fno-omit-frame-pointer -m64 -Wall -O0 -ffunction-sections -fdata-sections -fPIC -gdwarf-4 -fno-omit-frame-pointer -m64 -Wall -D_GNU_SOURCE -D_REENTRANT conftest.c >&5
conftest.c: In function 'main':
conftest.c:136:20: error: expected expression before ')' token
  136 | if (sizeof ((_Bool)))
      |                    ^
configure:14236: $? = 1
configure: failed program was:
| /* confdefs.h */
| #define PACKAGE_NAME ""
| #define PACKAGE_TARNAME ""
| #define PACKAGE_VERSION ""
| #define PACKAGE_STRING ""
| #define PACKAGE_BUGREPORT ""
| #define PACKAGE_URL ""
| #define JEMALLOC_HAS_RESTRICT
| #define STDC_HEADERS 1
| #define HAVE_SYS_TYPES_H 1
| #define HAVE_SYS_STAT_H 1
| #define HAVE_STDLIB_H 1
| #define HAVE_STRING_H 1
| #define HAVE_MEMORY_H 1
| #define HAVE_STRINGS_H 1
| #define HAVE_INTTYPES_H 1
| #define HAVE_STDINT_H 1
| #define HAVE_UNISTD_H 1
| #define SIZEOF_VOID_P 8
| #define LG_SIZEOF_PTR 3
| #define SIZEOF_INT 4
| #define LG_SIZEOF_INT 2
| #define SIZEOF_LONG 8
| #define LG_SIZEOF_LONG 3
| #define SIZEOF_LONG_LONG 8
| #define LG_SIZEOF_LONG_LONG 3
| #define SIZEOF_INTMAX_T 8
| #define LG_SIZEOF_INTMAX_T 3
| #define HAVE_CPU_SPINWAIT 1
| #define CPU_SPINWAIT __asm__ volatile("pause")
| #define LG_VADDR 48
| #define LG_VADDR 48
| #define JEMALLOC_PURGE_MADVISE_DONTNEED_ZEROS  
| #define JEMALLOC_HAS_ALLOCA_H  
| #define JEMALLOC_PROC_SYS_VM_OVERCOMMIT_MEMORY  
| #define JEMALLOC_THREADED_INIT  
| #define JEMALLOC_USE_CXX_THROW  
| #define HAVE_MALLOC_H 1
| #define JEMALLOC_USABLE_SIZE_CONST 
| #define JEMALLOC_HAVE_ATTR  
| #define JEMALLOC_HAVE_ATTR_ALLOC_SIZE  
| #define JEMALLOC_HAVE_ATTR_FORMAT_GNU_PRINTF  
| #define JEMALLOC_HAVE_ATTR_FORMAT_PRINTF  
| #define JEMALLOC_HAVE_ATTR_FORMAT_ARG  
| #define JEMALLOC_HAVE_ATTR_FALLTHROUGH  
| #define JEMALLOC_HAVE_ATTR_COLD  
| #define JEMALLOC_PREFIX "_rjem_"
| #define JEMALLOC_CPREFIX "_RJEM_"
| #define JEMALLOC_OVERRIDE_MEMALIGN  
| #define JEMALLOC_OVERRIDE_VALLOC  
| #define JEMALLOC_PRIVATE_NAMESPACE _rjem_je_
| #define JEMALLOC_CONFIG_MALLOC_CONF ""
| #define JEMALLOC_MAPS_COALESCE  
| #define JEMALLOC_RETAIN  
| #define JEMALLOC_ZERO_REALLOC_DEFAULT_FREE  
| #define JEMALLOC_DSS  
| #define JEMALLOC_FILL  
| #define JEMALLOC_CACHE_OBLIVIOUS  
| #define JEMALLOC_INTERNAL_UNREACHABLE __builtin_unreachable
| #define JEMALLOC_INTERNAL_FFSLL __builtin_ffsll
| #define JEMALLOC_INTERNAL_FFSL __builtin_ffsl
| #define JEMALLOC_INTERNAL_FFS __builtin_ffs
| #define JEMALLOC_INTERNAL_POPCOUNT __builtin_popcount
| #define JEMALLOC_INTERNAL_POPCOUNTL __builtin_popcountl
| #define JEMALLOC_INTERNAL_POPCOUNTLL __builtin_popcountll
| #define LG_PAGE 12
| #define LG_HUGEPAGE 21
| #define JEMALLOC_HAVE_PTHREAD  
| #define HAVE_PTHREAD_H 1
| #define HAVE_DLFCN_H 1
| #define JEMALLOC_HAVE_DLSYM  
| #define JEMALLOC_HAVE_PTHREAD_ATFORK  
| #define JEMALLOC_HAVE_PTHREAD_SETNAME_NP  
| #define JEMALLOC_HAVE_PTHREAD_GETNAME_NP  
| #define JEMALLOC_HAVE_CLOCK_MONOTONIC_COARSE  
| #define JEMALLOC_HAVE_CLOCK_MONOTONIC  
| #define JEMALLOC_HAVE_CLOCK_REALTIME  
| #define JEMALLOC_USE_SYSCALL  
| #define JEMALLOC_HAVE_SECURE_GETENV  
| #define JEMALLOC_HAVE_SCHED_GETCPU  
| #define JEMALLOC_HAVE_SCHED_SETAFFINITY  
| #define JEMALLOC_TLS
| #define JEMALLOC_C11_ATOMICS  
| #define JEMALLOC_GCC_ATOMIC_ATOMICS  
| #define JEMALLOC_GCC_U8_ATOMIC_ATOMICS  
| #define JEMALLOC_GCC_SYNC_ATOMICS  
| #define JEMALLOC_GCC_U8_SYNC_ATOMICS  
| #define JEMALLOC_HAVE_MADVISE  
| #define JEMALLOC_PURGE_MADVISE_FREE  
| #define JEMALLOC_PURGE_MADVISE_DONTNEED  
| #define JEMALLOC_MADVISE_DONTDUMP  
| #define JEMALLOC_HAVE_MADVISE_HUGE  
| #define JEMALLOC_HAVE_MPROTECT  
| #define JEMALLOC_HAVE_BUILTIN_CLZ  
| #define JEMALLOC_TLS_MODEL __attribute__((tls_model("initial-exec")))
| #define JEMALLOC_BACKGROUND_THREAD  
| #define JEMALLOC_HAVE_PTHREAD_MUTEX_ADAPTIVE_NP  
| #define JEMALLOC_STRERROR_R_RETURNS_CHAR_WITH_GNU_SOURCE  
| /* end confdefs.h.  */
| #include <stdio.h>
| #ifdef HAVE_SYS_TYPES_H
| # include <sys/types.h>
| #endif
| #ifdef HAVE_SYS_STAT_H
| # include <sys/stat.h>
| #endif
| #ifdef STDC_HEADERS
| # include <stdlib.h>
| # include <stddef.h>
| #else
| # ifdef HAVE_STDLIB_H
| #  include <stdlib.h>
| # endif
| #endif
| #ifdef HAVE_STRING_H
| # if !defined STDC_HEADERS && defined HAVE_MEMORY_H
| #  include <memory.h>
| # endif
| # include <string.h>
| #endif
| #ifdef HAVE_STRINGS_H
| # include <strings.h>
| #endif
| #ifdef HAVE_INTTYPES_H
| # include <inttypes.h>
| #endif
| #ifdef HAVE_STDINT_H
| # include <stdint.h>
| #endif
| #ifdef HAVE_UNISTD_H
| # include <unistd.h>
| #endif
| int
| main ()
| {
| if (sizeof ((_Bool)))
| 	    return 0;
|   ;
|   return 0;
| }
configure:14236: result: yes
configure:14393: creating ./config.status

## ---------------------- ##
## Running config.status. ##
## ---------------------- ##

This file was extended by config.status, which was
generated by GNU Autoconf 2.69.  Invocation command line was

  CONFIG_FILES    = 
  CONFIG_HEADERS  = 
  CONFIG_LINKS    = 
  CONFIG_COMMANDS = 
  $ ./config.status 

on runnervm6qbrg

config.status:1087: creating Makefile
config.status:1087: creating jemalloc.pc
config.status:1087: creating doc/html.xsl
config.status:1087: creating doc/manpages.xsl
config.status:1087: creating doc/jemalloc.xml
config.status:1087: creating include/jemalloc/jemalloc_macros.h
config.status:1087: creating include/jemalloc/jemalloc_protos.h
config.status:1087: creating include/jemalloc/jemalloc_typedefs.h
config.status:1087: creating include/jemalloc/internal/jemalloc_preamble.h
config.status:1087: creating test/test.sh
config.status:1087: creating test/include/test/jemalloc_test.h
config.status:1087: creating config.stamp
config.status:1087: creating bin/jemalloc-config
config.status:1087: creating bin/jemalloc.sh
config.status:1087: creating bin/jeprof
config.status:1087: creating include/jemalloc/jemalloc_defs.h
config.status:1087: creating include/jemalloc/internal/jemalloc_internal_defs.h
config.status:1087: creating test/include/test/jemalloc_test_defs.h
config.status:1276: executing include/jemalloc/internal/public_symbols.txt commands
config.status:1276: executing include/jemalloc/internal/private_symbols.awk commands
config.status:1276: executing include/jemalloc/internal/private_symbols_jet.awk commands
config.status:1276: executing include/jemalloc/internal/public_namespace.h commands
config.status:1276: executing include/jemalloc/internal/public_unnamespace.h commands
config.status:1276: executing include/jemalloc/jemalloc_protos_jet.h commands
config.status:1276: executing include/jemalloc/jemalloc_rename.h commands
config.status:1276: executing include/jemalloc/jemalloc_mangle.h commands
config.status:1276: executing include/jemalloc/jemalloc_mangle_jet.h commands
config.status:1276: executing include/jemalloc/jemalloc.h commands
configure:15695: result: ===============================================================================
configure:15697: result: jemalloc version   : 5.3.0-1-ge13ca993e8ccb9ba9847cc330696e02839f328f7
configure:15699: result: library revision   : 2
configure:15701: result: 
configure:15703: result: CONFIG             : --with-version=5.3.0-1-ge13ca993e8ccb9ba9847cc330696e02839f328f7 --disable-cxx --enable-doc=no --enable-shared=no --with-jemalloc-prefix=_rjem_ --with-private-namespace=_rjem_ --disable-stats --host=x86_64-unknown-linux-gnu --build=x86_64-unknown-linux-gnu --prefix=/home/runner/work/buckal_workspace/buckal_workspace/test/3rd/fd/buck-out/v2/gen/root/fecc77911dff3f64/third-party/rust/crates/tikv-jemalloc-sys/0.6.0+5.3.0-1-ge13ca993e8ccb9ba9847cc330696e02839f328f7/__tikv-jemalloc-sys-build-script-run__/OUT_DIR build_alias=x86_64-unknown-linux-gnu host_alias=x86_64-unknown-linux-gnu CC=cc 'CFLAGS=-O0 -ffunction-sections -fdata-sections -fPIC -gdwarf-4 -fno-omit-frame-pointer -m64 -Wall' 'LDFLAGS=-O0 -ffunction-sections -fdata-sections -fPIC -gdwarf-4 -fno-omit-frame-pointer -m64 -Wall' 'CPPFLAGS=-O0 -ffunction-sections -fdata-sections -fPIC -gdwarf-4 -fno-omit-frame-pointer -m64 -Wall'
configure:15705: result: CC                 : cc
configure:15707: result: CONFIGURE_CFLAGS   : -std=gnu11 -Wall -Wextra -Wsign-compare -Wundef -Wno-format-zero-length -Wpointer-arith -Wno-missing-braces -Wno-missing-field-initializers -Wno-missing-attributes -pipe -g3 -fvisibility=hidden -Wimplicit-fallthrough -O3 -funroll-loops
configure:15709: result: SPECIFIED_CFLAGS   : -O0 -ffunction-sections -fdata-sections -fPIC -gdwarf-4 -fno-omit-frame-pointer -m64 -Wall
configure:15711: result: EXTRA_CFLAGS       : 
configure:15713: result: CPPFLAGS           : -O0 -ffunction-sections -fdata-sections -fPIC -gdwarf-4 -fno-omit-frame-pointer -m64 -Wall -D_GNU_SOURCE -D_REENTRANT
configure:15715: result: CXX                : 
configure:15717: result: CONFIGURE_CXXFLAGS : 
configure:15719: result: SPECIFIED_CXXFLAGS : 
configure:15721: result: EXTRA_CXXFLAGS     : 
configure:15723: result: LDFLAGS            : -O0 -ffunction-sections -fdata-sections -fPIC -gdwarf-4 -fno-omit-frame-pointer -m64 -Wall
configure:15725: result: EXTRA_LDFLAGS      : 
configure:15727: result: DSO_LDFLAGS        : -shared -Wl,-soname,$(@F)
configure:15729: result: LIBS               : -lm  -pthread
configure:15731: result: RPATH_EXTRA        : 
configure:15733: result: 
configure:15735: result: XSLTPROC           : false
configure:15737: result: XSLROOT            : 
configure:15739: result: 
configure:15741: result: PREFIX             : /home/runner/work/buckal_workspace/buckal_workspace/test/3rd/fd/buck-out/v2/gen/root/fecc77911dff3f64/third-party/rust/crates/tikv-jemalloc-sys/0.6.0+5.3.0-1-ge13ca993e8ccb9ba9847cc330696e02839f328f7/__tikv-jemalloc-sys-build-script-run__/OUT_DIR
configure:15743: result: BINDIR             : /home/runner/work/buckal_workspace/buckal_workspace/test/3rd/fd/buck-out/v2/gen/root/fecc77911dff3f64/third-party/rust/crates/tikv-jemalloc-sys/0.6.0+5.3.0-1-ge13ca993e8ccb9ba9847cc330696e02839f328f7/__tikv-jemalloc-sys-build-script-run__/OUT_DIR/bin
configure:15745: result: DATADIR            : /home/runner/work/buckal_workspace/buckal_workspace/test/3rd/fd/buck-out/v2/gen/root/fecc77911dff3f64/third-party/rust/crates/tikv-jemalloc-sys/0.6.0+5.3.0-1-ge13ca993e8ccb9ba9847cc330696e02839f328f7/__tikv-jemalloc-sys-build-script-run__/OUT_DIR/share
configure:15747: result: INCLUDEDIR         : /home/runner/work/buckal_workspace/buckal_workspace/test/3rd/fd/buck-out/v2/gen/root/fecc77911dff3f64/third-party/rust/crates/tikv-jemalloc-sys/0.6.0+5.3.0-1-ge13ca993e8ccb9ba9847cc330696e02839f328f7/__tikv-jemalloc-sys-build-script-run__/OUT_DIR/include
configure:15749: result: LIBDIR             : /home/runner/work/buckal_workspace/buckal_workspace/test/3rd/fd/buck-out/v2/gen/root/fecc77911dff3f64/third-party/rust/crates/tikv-jemalloc-sys/0.6.0+5.3.0-1-ge13ca993e8ccb9ba9847cc330696e02839f328f7/__tikv-jemalloc-sys-build-script-run__/OUT_DIR/lib
configure:15751: result: MANDIR             : /home/runner/work/buckal_workspace/buckal_workspace/test/3rd/fd/buck-out/v2/gen/root/fecc77911dff3f64/third-party/rust/crates/tikv-jemalloc-sys/0.6.0+5.3.0-1-ge13ca993e8ccb9ba9847cc330696e02839f328f7/__tikv-jemalloc-sys-build-script-run__/OUT_DIR/share/man
configure:15753: result: 
configure:15755: result: srcroot            : 
configure:15757: result: abs_srcroot        : /home/runner/work/buckal_workspace/buckal_workspace/test/3rd/fd/buck-out/v2/gen/root/fecc77911dff3f64/third-party/rust/crates/tikv-jemalloc-sys/0.6.0+5.3.0-1-ge13ca993e8ccb9ba9847cc330696e02839f328f7/__tikv-jemalloc-sys-build-script-run__/OUT_DIR/build/
configure:15759: result: objroot            : 
configure:15761: result: abs_objroot        : /home/runner/work/buckal_workspace/buckal_workspace/test/3rd/fd/buck-out/v2/gen/root/fecc77911dff3f64/third-party/rust/crates/tikv-jemalloc-sys/0.6.0+5.3.0-1-ge13ca993e8ccb9ba9847cc330696e02839f328f7/__tikv-jemalloc-sys-build-script-run__/OUT_DIR/build/
configure:15763: result: 
configure:15765: result: JEMALLOC_PREFIX    : _rjem_
configure:15767: result: JEMALLOC_PRIVATE_NAMESPACE
configure:15769: result:                    : _rjem_je_
configure:15771: result: install_suffix     : 
configure:15773: result: malloc_conf        : 
configure:15775: result: documentation      : 0
configure:15777: result: shared libs        : 0
configure:15779: result: static libs        : 1
configure:15781: result: autogen            : 0
configure:15783: result: debug              : 0
configure:15785: result: stats              : 0
configure:15787: result: experimental_smallocx : 0
configure:15789: result: prof               : 0
configure:15791: result: prof-libunwind     : 0
configure:15793: result: prof-libgcc        : 0
configure:15795: result: prof-gcc           : 0
configure:15797: result: fill               : 1
configure:15799: result: utrace             : 0
configure:15801: result: xmalloc            : 0
configure:15803: result: log                : 0
configure:15805: result: lazy_lock          : 0
configure:15807: result: cache-oblivious    : 1
configure:15809: result: cxx                : 0
configure:15811: result: ===============================================================================

## ---------------- ##
## Cache variables. ##
## ---------------- ##

ac_cv_big_endian=0
ac_cv_build=x86_64-unknown-linux-gnu
ac_cv_c_bigendian=no
ac_cv_c_compiler_gnu=yes
ac_cv_env_CCC_set=
ac_cv_env_CCC_value=
ac_cv_env_CC_set=set
ac_cv_env_CC_value=cc
ac_cv_env_CFLAGS_set=set
ac_cv_env_CFLAGS_value='-O0 -ffunction-sections -fdata-sections -fPIC -gdwarf-4 -fno-omit-frame-pointer -m64 -Wall'
ac_cv_env_CPPFLAGS_set=set
ac_cv_env_CPPFLAGS_value='-O0 -ffunction-sections -fdata-sections -fPIC -gdwarf-4 -fno-omit-frame-pointer -m64 -Wall'
ac_cv_env_CPP_set=
ac_cv_env_CPP_value=
ac_cv_env_CXXFLAGS_set=
ac_cv_env_CXXFLAGS_value=
ac_cv_env_CXX_set=
ac_cv_env_CXX_value=
ac_cv_env_LDFLAGS_set=set
ac_cv_env_LDFLAGS_value='-O0 -ffunction-sections -fdata-sections -fPIC -gdwarf-4 -fno-omit-frame-pointer -m64 -Wall'
ac_cv_env_LIBS_set=
ac_cv_env_LIBS_value=
ac_cv_env_build_alias_set=set
ac_cv_env_build_alias_value=x86_64-unknown-linux-gnu
ac_cv_env_host_alias_set=set
ac_cv_env_host_alias_value=x86_64-unknown-linux-gnu
ac_cv_env_target_alias_set=
ac_cv_env_target_alias_value=
ac_cv_func__malloc_thread_cleanup=no
ac_cv_func__pthread_mutex_init_calloc_cb=no
ac_cv_func_dlsym=yes
ac_cv_func_issetugid=no
ac_cv_func_malloc_size=no
ac_cv_func_memalign=yes
ac_cv_func_memcntl=no
ac_cv_func_sbrk=yes
ac_cv_func_sched_getcpu=yes
ac_cv_func_sched_setaffinity=yes
ac_cv_func_secure_getenv=yes
ac_cv_func_valloc=yes
ac_cv_header_dlfcn_h=yes
ac_cv_header_inttypes_h=yes
ac_cv_header_malloc_h=yes
ac_cv_header_memory_h=yes
ac_cv_header_pthread_h=yes
ac_cv_header_stdbool_h=yes
ac_cv_header_stdc=yes
ac_cv_header_stdint_h=yes
ac_cv_header_stdlib_h=yes
ac_cv_header_string_h=yes
ac_cv_header_strings_h=yes
ac_cv_header_sys_stat_h=yes
ac_cv_header_sys_types_h=yes
ac_cv_header_unistd_h=yes
ac_cv_host=x86_64-unknown-linux-gnu
ac_cv_lib_pthread_pthread_create=yes
ac_cv_objext=o
ac_cv_path_AUTOCONF=/usr/bin/autoconf
ac_cv_path_EGREP='/usr/bin/grep -E'
ac_cv_path_GREP=/usr/bin/grep
ac_cv_path_LD=/usr/bin/ld
ac_cv_path_XSLTPROC=false
ac_cv_path_install='/usr/bin/install -c'
ac_cv_prog_AWK=gawk
ac_cv_prog_CC=cc
ac_cv_prog_CPP='cc -E'
ac_cv_prog_ac_ct_AR=ar
ac_cv_prog_ac_ct_NM=nm
ac_cv_prog_ac_ct_RANLIB=ranlib
ac_cv_prog_cc_c89=
ac_cv_prog_cc_g=yes
ac_cv_search_clock_gettime='none required'
ac_cv_search_log=-lm
ac_cv_sizeof_int=4
ac_cv_sizeof_intmax_t=8
ac_cv_sizeof_long=8
ac_cv_sizeof_long_long=8
ac_cv_sizeof_void_p=8
ac_cv_type__Bool=yes
je_cv_alloc_size=yes
je_cv_attribute=yes
je_cv_builtin_clz=yes
je_cv_c11_atomics=yes
je_cv_cflags_added=
je_cv_clock_monotonic=yes
je_cv_clock_monotonic_coarse=yes
je_cv_clock_realtime=yes
je_cv_cold=yes
je_cv_cray=no
je_cv_cray_prgenv_wrapper=
je_cv_cxxflags_added=
je_cv_fallthrough=yes
je_cv_format_arg=yes
je_cv_format_gnu_printf=yes
je_cv_format_printf=yes
je_cv_gcc_atomic_atomics=yes
je_cv_gcc_builtin_ffsl=yes
je_cv_gcc_builtin_popcountl=yes
je_cv_gcc_builtin_unreachable=yes
je_cv_gcc_sync_atomics=yes
je_cv_gcc_u8_atomic_atomics=yes
je_cv_gcc_u8_sync_atomics=yes
je_cv_glibc_malloc_hook=no
je_cv_glibc_memalign_hook=no
je_cv_lg_hugepage=21
je_cv_lg_page=12
je_cv_lg_vaddr=48
je_cv_mach_absolute_time=no
je_cv_madv_dontdump=yes
je_cv_madv_dontneed=yes
je_cv_madv_free=yes
je_cv_madv_nocore=no
je_cv_madvise=yes
je_cv_mprotect=yes
je_cv_os_unfair_lock=no
je_cv_osatomic=no
je_cv_pause=yes
je_cv_pthread_atfork=yes
je_cv_pthread_get_name_np=no
je_cv_pthread_getname_np=yes
je_cv_pthread_mutex_adaptive_np=yes
je_cv_pthread_setname_np=yes
je_cv_strerror_r_returns_char_with_gnu_source=yes
je_cv_syscall=yes
je_cv_thp=yes
je_cv_tls_model=yes
je_cv_utrace=no
je_cv_utrace_label=no
je_cv_vm_make_tag=no

## ----------------- ##
## Output variables. ##
## ----------------- ##

AR='ar'
ARFLAGS='crus'
AROUT=' $@'
AUTOCONF='/usr/bin/autoconf'
AWK='gawk'
BINDIR='/home/runner/work/buckal_workspace/buckal_workspace/test/3rd/fd/buck-out/v2/gen/root/fecc77911dff3f64/third-party/rust/crates/tikv-jemalloc-sys/0.6.0+5.3.0-1-ge13ca993e8ccb9ba9847cc330696e02839f328f7/__tikv-jemalloc-sys-build-script-run__/OUT_DIR/bin'
CC='cc'
CC_MM='1'
CFLAGS='-std=gnu11 -Wall -Wextra -Wsign-compare -Wundef -Wno-format-zero-length -Wpointer-arith -Wno-missing-braces -Wno-missing-field-initializers -Wno-missing-attributes -pipe -g3 -fvisibility=hidden -Wimplicit-fallthrough -O3 -funroll-loops -O0 -ffunction-sections -fdata-sections -fPIC -gdwarf-4 -fno-omit-frame-pointer -m64 -Wall'
CONFIG='--with-version=5.3.0-1-ge13ca993e8ccb9ba9847cc330696e02839f328f7 --disable-cxx --enable-doc=no --enable-shared=no --with-jemalloc-prefix=_rjem_ --with-private-namespace=_rjem_ --disable-stats --host=x86_64-unknown-linux-gnu --build=x86_64-unknown-linux-gnu --prefix=/home/runner/work/buckal_workspace/buckal_workspace/test/3rd/fd/buck-out/v2/gen/root/fecc77911dff3f64/third-party/rust/crates/tikv-jemalloc-sys/0.6.0+5.3.0-1-ge13ca993e8ccb9ba9847cc330696e02839f328f7/__tikv-jemalloc-sys-build-script-run__/OUT_DIR build_alias=x86_64-unknown-linux-gnu host_alias=x86_64-unknown-linux-gnu CC=cc '\''CFLAGS=-O0 -ffunction-sections -fdata-sections -fPIC -gdwarf-4 -fno-omit-frame-pointer -m64 -Wall'\'' '\''LDFLAGS=-O0 -ffunction-sections -fdata-sections -fPIC -gdwarf-4 -fno-omit-frame-pointer -m64 -Wall'\'' '\''CPPFLAGS=-O0 -ffunction-sections -fdata-sections -fPIC -gdwarf-4 -fno-omit-frame-pointer -m64 -Wall'\'''
CONFIGURE_CFLAGS='-std=gnu11 -Wall -Wextra -Wsign-compare -Wundef -Wno-format-zero-length -Wpointer-arith -Wno-missing-braces -Wno-missing-field-initializers -Wno-missing-attributes -pipe -g3 -fvisibility=hidden -Wimplicit-fallthrough -O3 -funroll-loops'
CONFIGURE_CXXFLAGS=''
CPP='cc -E'
CPPFLAGS='-O0 -ffunction-sections -fdata-sections -fPIC -gdwarf-4 -fno-omit-frame-pointer -m64 -Wall -D_GNU_SOURCE -D_REENTRANT'
CTARGET='-o $@'
CXX=''
CXXFLAGS=''
DATADIR='/home/runner/work/buckal_workspace/buckal_workspace/test/3rd/fd/buck-out/v2/gen/root/fecc77911dff3f64/third-party/rust/crates/tikv-jemalloc-sys/0.6.0+5.3.0-1-ge13ca993e8ccb9ba9847cc330696e02839f328f7/__tikv-jemalloc-sys-build-script-run__/OUT_DIR/share'
DEFS='-DHAVE_CONFIG_H'
DSO_LDFLAGS='-shared -Wl,-soname,$(@F)'
DUMP_SYMS='nm -a'
ECHO_C=''
ECHO_N='-n'
ECHO_T=''
EGREP='/usr/bin/grep -E'
EXEEXT=''
EXTRA_CFLAGS=''
EXTRA_CXXFLAGS=''
EXTRA_LDFLAGS=''
GREP='/usr/bin/grep'
HAVE_CXX14=''
HAVE_CXX17=''
INCLUDEDIR='/home/runner/work/buckal_workspace/buckal_workspace/test/3rd/fd/buck-out/v2/gen/root/fecc77911dff3f64/third-party/rust/crates/tikv-jemalloc-sys/0.6.0+5.3.0-1-ge13ca993e8ccb9ba9847cc330696e02839f328f7/__tikv-jemalloc-sys-build-script-run__/OUT_DIR/include'
INSTALL_DATA='${INSTALL} -m 644'
INSTALL_PROGRAM='${INSTALL}'
INSTALL_SCRIPT='${INSTALL}'
JEMALLOC_CPREFIX='_RJEM_'
JEMALLOC_PREFIX='_rjem_'
LD='/usr/bin/ld'
LDFLAGS='-O0 -ffunction-sections -fdata-sections -fPIC -gdwarf-4 -fno-omit-frame-pointer -m64 -Wall'
LDTARGET='-o $@'
LD_PRELOAD_VAR='LD_PRELOAD'
LIBDIR='/home/runner/work/buckal_workspace/buckal_workspace/test/3rd/fd/buck-out/v2/gen/root/fecc77911dff3f64/third-party/rust/crates/tikv-jemalloc-sys/0.6.0+5.3.0-1-ge13ca993e8ccb9ba9847cc330696e02839f328f7/__tikv-jemalloc-sys-build-script-run__/OUT_DIR/lib'
LIBOBJS=''
LIBS='-lm  -pthread'
LM='-lm'
LTLIBOBJS=''
MANDIR='/home/runner/work/buckal_workspace/buckal_workspace/test/3rd/fd/buck-out/v2/gen/root/fecc77911dff3f64/third-party/rust/crates/tikv-jemalloc-sys/0.6.0+5.3.0-1-ge13ca993e8ccb9ba9847cc330696e02839f328f7/__tikv-jemalloc-sys-build-script-run__/OUT_DIR/share/man'
MKLIB=''
NM='nm'
OBJEXT='o'
PACKAGE_BUGREPORT=''
PACKAGE_NAME=''
PACKAGE_STRING=''
PACKAGE_TARNAME=''
PACKAGE_URL=''
PACKAGE_VERSION=''
PATH_SEPARATOR=':'
PIC_CFLAGS='-fPIC -DPIC'
PREFIX='/home/runner/work/buckal_workspace/buckal_workspace/test/3rd/fd/buck-out/v2/gen/root/fecc77911dff3f64/third-party/rust/crates/tikv-jemalloc-sys/0.6.0+5.3.0-1-ge13ca993e8ccb9ba9847cc330696e02839f328f7/__tikv-jemalloc-sys-build-script-run__/OUT_DIR'
RANLIB='ranlib'
RPATH='-Wl,-rpath,$(1)'
RPATH_EXTRA=''
SHELL='/bin/bash'
SOREV='so.2'
SPECIFIED_CFLAGS='-O0 -ffunction-sections -fdata-sections -fPIC -gdwarf-4 -fno-omit-frame-pointer -m64 -Wall'
SPECIFIED_CXXFLAGS=''
TEST_LD_MODE=''
XSLROOT=''
XSLTPROC='false'
a='a'
abi='elf'
abs_objroot='/home/runner/work/buckal_workspace/buckal_workspace/test/3rd/fd/buck-out/v2/gen/root/fecc77911dff3f64/third-party/rust/crates/tikv-jemalloc-sys/0.6.0+5.3.0-1-ge13ca993e8ccb9ba9847cc330696e02839f328f7/__tikv-jemalloc-sys-build-script-run__/OUT_DIR/build/'
abs_srcroot='/home/runner/work/buckal_workspace/buckal_workspace/test/3rd/fd/buck-out/v2/gen/root/fecc77911dff3f64/third-party/rust/crates/tikv-jemalloc-sys/0.6.0+5.3.0-1-ge13ca993e8ccb9ba9847cc330696e02839f328f7/__tikv-jemalloc-sys-build-script-run__/OUT_DIR/build/'
ac_ct_CC=''
ac_ct_CXX=''
bindir='${exec_prefix}/bin'
build='x86_64-unknown-linux-gnu'
build_alias='x86_64-unknown-linux-gnu'
build_cpu='x86_64'
build_os='linux-gnu'
build_vendor='unknown'
cfghdrs_in='include/jemalloc/jemalloc_defs.h.in include/jemalloc/internal/jemalloc_internal_defs.h.in include/jemalloc/internal/private_symbols.sh include/jemalloc/internal/private_namespace.sh include/jemalloc/internal/public_namespace.sh include/jemalloc/internal/public_unnamespace.sh include/jemalloc/jemalloc_rename.sh include/jemalloc/jemalloc_mangle.sh include/jemalloc/jemalloc.sh test/include/test/jemalloc_test_defs.h.in'
cfghdrs_out='include/jemalloc/jemalloc_defs.h include/jemalloc/jemalloc.h include/jemalloc/internal/private_symbols.awk include/jemalloc/internal/private_symbols_jet.awk include/jemalloc/internal/public_symbols.txt include/jemalloc/internal/public_namespace.h include/jemalloc/internal/public_unnamespace.h include/jemalloc/jemalloc_protos_jet.h include/jemalloc/jemalloc_rename.h include/jemalloc/jemalloc_mangle.h include/jemalloc/jemalloc_mangle_jet.h include/jemalloc/internal/jemalloc_internal_defs.h test/include/test/jemalloc_test_defs.h'
cfgoutputs_in='Makefile.in jemalloc.pc.in doc/html.xsl.in doc/manpages.xsl.in doc/jemalloc.xml.in include/jemalloc/jemalloc_macros.h.in include/jemalloc/jemalloc_protos.h.in include/jemalloc/jemalloc_typedefs.h.in include/jemalloc/internal/jemalloc_preamble.h.in test/test.sh.in test/include/test/jemalloc_test.h.in'
cfgoutputs_out='Makefile jemalloc.pc doc/html.xsl doc/manpages.xsl doc/jemalloc.xml include/jemalloc/jemalloc_macros.h include/jemalloc/jemalloc_protos.h include/jemalloc/jemalloc_typedefs.h include/jemalloc/internal/jemalloc_preamble.h test/test.sh test/include/test/jemalloc_test.h'
datadir='${datarootdir}'
datarootdir='${prefix}/share'
docdir='${datarootdir}/doc/${PACKAGE}'
dvidir='${docdir}'
enable_autogen='0'
enable_cache_oblivious='1'
enable_cxx='0'
enable_debug='0'
enable_doc='0'
enable_experimental_smallocx='0'
enable_fill='1'
enable_initial_exec_tls='1'
enable_lazy_lock='0'
enable_log='0'
enable_opt_safety_checks='0'
enable_opt_size_checks='0'
enable_prof='0'
enable_readlinkat='0'
enable_shared='0'
enable_static='1'
enable_stats='0'
enable_tls='1'
enable_uaf_detection='0'
enable_utrace='0'
enable_xmalloc='0'
enable_zone_allocator=''
exe=''
exec_prefix='/home/runner/work/buckal_workspace/buckal_workspace/test/3rd/fd/buck-out/v2/gen/root/fecc77911dff3f64/third-party/rust/crates/tikv-jemalloc-sys/0.6.0+5.3.0-1-ge13ca993e8ccb9ba9847cc330696e02839f328f7/__tikv-jemalloc-sys-build-script-run__/OUT_DIR'
host='x86_64-unknown-linux-gnu'
host_alias='x86_64-unknown-linux-gnu'
host_cpu='x86_64'
host_os='linux-gnu'
host_vendor='unknown'
htmldir='${docdir}'
importlib='so'
includedir='${prefix}/include'
infodir='${datarootdir}/info'
install_suffix=''
je_='je_'
jemalloc_version='5.3.0-1-ge13ca993e8ccb9ba9847cc330696e02839f328f7'
jemalloc_version_bugfix='0'
jemalloc_version_gid='e13ca993e8ccb9ba9847cc330696e02839f328f7'
jemalloc_version_major='5'
jemalloc_version_minor='3'
jemalloc_version_nrev='1'
libdir='${exec_prefix}/lib'
libdl=''
libexecdir='${exec_prefix}/libexec'
libprefix='lib'
link_whole_archive='0'
localedir='${datarootdir}/locale'
localstatedir='${prefix}/var'
mandir='${datarootdir}/man'
o='o'
objroot=''
oldincludedir='/usr/include'
pdfdir='${docdir}'
prefix='/home/runner/work/buckal_workspace/buckal_workspace/test/3rd/fd/buck-out/v2/gen/root/fecc77911dff3f64/third-party/rust/crates/tikv-jemalloc-sys/0.6.0+5.3.0-1-ge13ca993e8ccb9ba9847cc330696e02839f328f7/__tikv-jemalloc-sys-build-script-run__/OUT_DIR'
private_namespace='_rjem_je_'
program_transform_name='s,x,x,'
psdir='${docdir}'
rev='2'
sbindir='${exec_prefix}/sbin'
sharedstatedir='${prefix}/com'
so='so'
srcroot=''
sysconfdir='${prefix}/etc'
target_alias=''

## ----------- ##
## confdefs.h. ##
## ----------- ##

/* confdefs.h */
#define PACKAGE_NAME ""
#define PACKAGE_TARNAME ""
#define PACKAGE_VERSION ""
#define PACKAGE_STRING ""
#define PACKAGE_BUGREPORT ""
#define PACKAGE_URL ""
#define JEMALLOC_HAS_RESTRICT
#define STDC_HEADERS 1
#define HAVE_SYS_TYPES_H 1
#define HAVE_SYS_STAT_H 1
#define HAVE_STDLIB_H 1
#define HAVE_STRING_H 1
#define HAVE_MEMORY_H 1
#define HAVE_STRINGS_H 1
#define HAVE_INTTYPES_H 1
#define HAVE_STDINT_H 1
#define HAVE_UNISTD_H 1
#define SIZEOF_VOID_P 8
#define LG_SIZEOF_PTR 3
#define SIZEOF_INT 4
#define LG_SIZEOF_INT 2
#define SIZEOF_LONG 8
#define LG_SIZEOF_LONG 3
#define SIZEOF_LONG_LONG 8
#define LG_SIZEOF_LONG_LONG 3
#define SIZEOF_INTMAX_T 8
#define LG_SIZEOF_INTMAX_T 3
#define HAVE_CPU_SPINWAIT 1
#define CPU_SPINWAIT __asm__ volatile("pause")
#define LG_VADDR 48
#define LG_VADDR 48
#define JEMALLOC_PURGE_MADVISE_DONTNEED_ZEROS  
#define JEMALLOC_HAS_ALLOCA_H  
#define JEMALLOC_PROC_SYS_VM_OVERCOMMIT_MEMORY  
#define JEMALLOC_THREADED_INIT  
#define JEMALLOC_USE_CXX_THROW  
#define HAVE_MALLOC_H 1
#define JEMALLOC_USABLE_SIZE_CONST 
#define JEMALLOC_HAVE_ATTR  
#define JEMALLOC_HAVE_ATTR_ALLOC_SIZE  
#define JEMALLOC_HAVE_ATTR_FORMAT_GNU_PRINTF  
#define JEMALLOC_HAVE_ATTR_FORMAT_PRINTF  
#define JEMALLOC_HAVE_ATTR_FORMAT_ARG  
#define JEMALLOC_HAVE_ATTR_FALLTHROUGH  
#define JEMALLOC_HAVE_ATTR_COLD  
#define JEMALLOC_PREFIX "_rjem_"
#define JEMALLOC_CPREFIX "_RJEM_"
#define JEMALLOC_OVERRIDE_MEMALIGN  
#define JEMALLOC_OVERRIDE_VALLOC  
#define JEMALLOC_PRIVATE_NAMESPACE _rjem_je_
#define JEMALLOC_CONFIG_MALLOC_CONF ""
#define JEMALLOC_MAPS_COALESCE  
#define JEMALLOC_RETAIN  
#define JEMALLOC_ZERO_REALLOC_DEFAULT_FREE  
#define JEMALLOC_DSS  
#define JEMALLOC_FILL  
#define JEMALLOC_CACHE_OBLIVIOUS  
#define JEMALLOC_INTERNAL_UNREACHABLE __builtin_unreachable
#define JEMALLOC_INTERNAL_FFSLL __builtin_ffsll
#define JEMALLOC_INTERNAL_FFSL __builtin_ffsl
#define JEMALLOC_INTERNAL_FFS __builtin_ffs
#define JEMALLOC_INTERNAL_POPCOUNT __builtin_popcount
#define JEMALLOC_INTERNAL_POPCOUNTL __builtin_popcountl
#define JEMALLOC_INTERNAL_POPCOUNTLL __builtin_popcountll
#define LG_PAGE 12
#define LG_HUGEPAGE 21
#define JEMALLOC_HAVE_PTHREAD  
#define HAVE_PTHREAD_H 1
#define HAVE_DLFCN_H 1
#define JEMALLOC_HAVE_DLSYM  
#define JEMALLOC_HAVE_PTHREAD_ATFORK  
#define JEMALLOC_HAVE_PTHREAD_SETNAME_NP  
#define JEMALLOC_HAVE_PTHREAD_GETNAME_NP  
#define JEMALLOC_HAVE_CLOCK_MONOTONIC_COARSE  
#define JEMALLOC_HAVE_CLOCK_MONOTONIC  
#define JEMALLOC_HAVE_CLOCK_REALTIME  
#define JEMALLOC_USE_SYSCALL  
#define JEMALLOC_HAVE_SECURE_GETENV  
#define JEMALLOC_HAVE_SCHED_GETCPU  
#define JEMALLOC_HAVE_SCHED_SETAFFINITY  
#define JEMALLOC_TLS
#define JEMALLOC_C11_ATOMICS  
#define JEMALLOC_GCC_ATOMIC_ATOMICS  
#define JEMALLOC_GCC_U8_ATOMIC_ATOMICS  
#define JEMALLOC_GCC_SYNC_ATOMICS  
#define JEMALLOC_GCC_U8_SYNC_ATOMICS  
#define JEMALLOC_HAVE_MADVISE  
#define JEMALLOC_PURGE_MADVISE_FREE  
#define JEMALLOC_PURGE_MADVISE_DONTNEED  
#define JEMALLOC_MADVISE_DONTDUMP  
#define JEMALLOC_HAVE_MADVISE_HUGE  
#define JEMALLOC_HAVE_MPROTECT  
#define JEMALLOC_HAVE_BUILTIN_CLZ  
#define JEMALLOC_TLS_MODEL __attribute__((tls_model("initial-exec")))
#define JEMALLOC_BACKGROUND_THREAD  
#define JEMALLOC_HAVE_PTHREAD_MUTEX_ADAPTIVE_NP  
#define JEMALLOC_STRERROR_R_RETURNS_CHAR_WITH_GNU_SOURCE  
#define HAVE__BOOL 1
#define HAVE_STDBOOL_H 1

configure: exit 0
